phaseDegUnwrapped(v("/Vout+" ?result "ac")) X,phaseDegUnwrapped(v("/Vout+" ?result "ac")) Y
0.001,-1.550830594972965e-06
0.001023292992280754,-1.586953599403361e-06
0.0010471285480509,-1.623918363305281e-06
0.001071519305237606,-1.661743402765234e-06
0.001096478196143185,-1.700447435475381e-06
0.001122018454301963,-1.740056540477263e-06
0.001148153621496882,-1.780593454714303e-06
0.001174897554939529,-1.822072320822999e-06
0.001202264434617413,-1.864507425954279e-06
0.001230268770812381,-1.907934176521996e-06
0.001258925411794167,-1.952382575767933e-06
0.001288249551693133,-1.99785944061742e-06
0.001318256738556406,-2.044388570023742e-06
0.001348962882591653,-2.092007276030832e-06
0.001380384264602884,-2.1407490194414e-06
0.001412537544622754,-2.190606248546432e-06
0.001445439770745927,-2.241624390608946e-06
0.001479108388168207,-2.293844643855638e-06
0.001513561248436207,-2.347283063492413e-06
0.00154881661891248,-2.401952518781778e-06
0.001584893192461112,-2.45790290695449e-06
0.001621810097358929,-2.51514691650051e-06
0.001659586907437559,-2.573740025152249e-06
0.001698243652461743,-2.633685430275187e-06
0.001737800828749374,-2.695037260058691e-06
0.001778279410038921,-2.757809013662293e-06
0.001819700858609981,-2.822043884789315e-06
0.001862087136662865,-2.887788940918419e-06
0.001905460717963245,-2.955041942529819e-06
0.001949844599758043,-3.023889062050103e-06
0.001995262314968877,-3.094321023894623e-06
0.002041737944669526,-3.166382086458081e-06
0.002089296130854036,-3.240146683762926e-06
0.002137962089502229,-3.315606706784974e-06
0.002187761623949549,-3.392854293950243e-06
0.002238721138568336,-3.471869162384566e-06
0.002290867652767769,-3.552748534849077e-06
0.002344228815319918,-3.635497266307169e-06
0.002398832919019486,-3.7201664447382e-06
0.002454708915685026,-3.806836079453358e-06
0.002511886431509576,-3.895505294771977e-06
0.002570395782768859,-3.986257384033474e-06
0.002630267991895377,-4.079106664183636e-06
0.00269153480392691,-4.174118240075729e-06
0.002754228703338161,-4.271343057998543e-06
0.002818382931264448,-4.370841070913474e-06
0.0028840315031266,-4.472647753220894e-06
0.00295120922666638,-4.576823942372217e-06
0.00301995172040201,-4.683435461759461e-06
0.003090295432513584,-4.79251891845767e-06
0.003162277660168373,-4.904163255071708e-06
0.003235936569296276,-5.018388231695764e-06
0.003311311214825904,-5.135266629240764e-06
0.003388441561392018,-5.254892089379239e-06
0.003467368504525309,-5.377301078761283e-06
0.003548133892335747,-5.502543917590922e-06
0.003630780547701005,-5.630706974574186e-06
0.003715352290971717,-5.761880615881067e-06
0.003801893963205603,-5.896091354471157e-06
0.003890451449942797,-6.033453766694245e-06
0.003981071705534963,-6.173956086896106e-06
0.004073802778041117,-6.317768776545599e-06
0.004168693834703344,-6.464943293566331e-06
0.004265795188015916,-6.615508089300937e-06
0.004365158322401649,-6.769596059358429e-06
0.00446683592150962,-6.927291093907132e-06
0.004570881896148739,-7.088645857237572e-06
0.004677351412871971,-7.25378272023308e-06
0.004786300923226371,-7.422709726068559e-06
0.00489778819368445,-7.5956182422068e-06
0.00501187233627271,-7.772551631747852e-06
0.005128613839913635,-7.953576078926261e-06
0.005248074602497712,-8.138871806633135e-06
0.005370317963702512,-8.32844091564104e-06
0.00549540873857623,-8.522416068596664e-06
0.005623413251903474,-8.720933673657805e-06
0.005754399373371553,-8.924051912204768e-06
0.005888436553555873,-9.131925351415797e-06
0.00602559586074356,-9.344681272634449e-06
0.006165950018614803,-9.562320821985566e-06
0.006309573444801914,-9.785068451708744e-06
0.006456542290346536,-1.001297748156831e-05
0.00660693448007594,-1.024619572414023e-05
0.006760829753919797,-1.048488808231577e-05
0.006918309709189343,-1.072911529369651e-05
0.007079457843841356,-1.097897281868541e-05
0.007244359600749877,-1.123474645214858e-05
0.007413102413009151,-1.149643648163551e-05
0.007585775750291813,-1.176426382347837e-05
0.007762471166286891,-1.203823893123702e-05
0.007943282347242788,-1.231862744329864e-05
0.008128305161640965,-1.260556313229582e-05
0.008317637711026681,-1.289920562406494e-05
0.008511380382023735,-1.319973459726609e-05
0.008709635899560775,-1.350713133340444e-05
0.008912509381337422,-1.382174988417992e-05
0.009120108393559064,-1.414371276706973e-05
0.009332543007969875,-1.447316204266512e-05
0.009549925860214322,-1.481026560110022e-05
0.009772372209558068,-1.51551901992186e-05
0.00999999999999996,-1.550824179226649e-05
0.0102329299228075,-1.58694324146572e-05
0.01047128548050895,-1.62391082379218e-05
0.01071519305237602,-1.661740829791722e-05
0.01096478196143181,-1.70044413771241e-05
0.01122018454301959,-1.740058718443389e-05
0.01148153621496878,-1.780588911381163e-05
0.01174897554939525,-1.822058034540573e-05
0.01202264434617408,-1.864506419106015e-05
0.01230268770812376,-1.907920471802084e-05
0.01258925411794162,-1.952375926522671e-05
0.01288249551693128,-1.997849765147715e-05
0.01318256738556401,-2.044377570691853e-05
0.01348962882591648,-2.091999234049503e-05
0.01380384264602879,-2.1407377003826e-05
0.01412537544622748,-2.190593598874169e-05
0.01445439770745921,-2.241624989766513e-05
0.01479108388168201,-2.293833986271588e-05
0.01513561248436201,-2.347257236804193e-05
0.01548816618912474,-2.401931626847547e-05
0.01584893192461106,-2.457875101930755e-05
0.01621810097358923,-2.515139825406343e-05
0.01659586907437553,-2.573727183169417e-05
0.01698243652461736,-2.633671717592169e-05
0.01737800828749367,-2.695013858507342e-05
0.01778279410038914,-2.757786090998386e-05
0.01819700858609975,-2.822024791760282e-05
0.01862087136662858,-2.887758491721597e-05
0.01905460717963238,-2.95503029298743e-05
0.01949844599758035,-3.02384929749619e-05
0.01995262314968869,-3.094282619190884e-05
0.02041737944669519,-3.166353208664721e-05
0.02089296130854029,-3.240103665908451e-05
0.02137962089502221,-3.315602145924571e-05
0.02187761623949541,-3.392815684689794e-05
0.02238721138568328,-3.471851982763761e-05
0.02290867652767761,-3.552723614196243e-05
0.0234422881531991,-3.635460402934581e-05
0.02398832919019478,-3.720170239068588e-05
0.02454708915685017,-3.806806000133084e-05
0.02511886431509567,-3.895472254037208e-05
0.0257039578276885,-3.986213164507978e-05
0.02630267991895368,-4.0790679666189e-05
0.02691534803926901,-4.174075311702554e-05
0.02754228703338151,-4.2712960809235e-05
0.02818382931264438,-4.370787465627806e-05
0.0288403150312659,-4.472592833068769e-05
0.02951209226666369,-4.5767687335721e-05
0.03019951720401999,-4.683364220501603e-05
0.03090295432513573,-4.792445937813e-05
0.03162277660168361,-4.90406645122289e-05
0.03235936569296264,-5.018304096958606e-05
0.03311311214825892,-5.135190898463215e-05
0.03388441561392006,-5.254809216262328e-05
0.03467368504525296,-5.377194908317946e-05
0.03548133892335734,-5.50244104787108e-05
0.03630780547700992,-5.630574959237238e-05
0.03715352290971704,-5.761726019998307e-05
0.0380189396320559,-5.895936491195732e-05
0.03890451449942783,-6.03325951934739e-05
0.03981071705534948,-6.173825719292682e-05
0.04073802778041102,-6.31761501118392e-05
0.04168693834703328,-6.464770171408023e-05
0.042657951880159,-6.615320915507075e-05
0.04365158322401633,-6.769421387863758e-05
0.04466835921509604,-6.927068699695999e-05
0.04570881896148722,-7.088366575061801e-05
0.04677351412871953,-7.253466731215771e-05
0.04786300923226354,-7.422420655581019e-05
0.04897788193684432,-7.59530169891589e-05
0.05011872336272692,-7.772180578745722e-05
0.05128613839913617,-7.953242668197282e-05
0.05248074602497694,-8.138488249000637e-05
0.05370317963702494,-8.328053951782464e-05
0.05495408738576212,-8.522019476524087e-05
0.05623413251903456,-8.7204699963549e-05
0.05754399373371533,-8.923587471766059e-05
0.05888436553555853,-9.13143763397186e-05
0.0602559586074354,-9.344132878808321e-05
0.06165950018614783,-9.561695126942074e-05
0.06309573444801893,-9.784395886853595e-05
0.06456542290346515,-0.00010012284648682
0.06606934480075918,-0.0001024545415050232
0.06760829753919775,-0.0001048406428468709
0.06918309709189321,-0.0001072823269710279
0.07079457843841334,-0.0001097809692922792
0.07244359600749854,-0.0001123374483220259
0.07413102413009127,-0.0001149534393780142
0.07585775750291789,-0.0001176313927450693
0.07762471166286866,-0.0001203708434765105
0.07943282347242762,-0.0001231747506809974
0.08128305161640939,-0.0001260430392968424
0.08317637711026656,-0.0001289784415879834
0.08511380382023709,-0.0001319816853166529
0.08709635899560748,-0.0001350549756324922
0.08912509381337395,-0.0001382002528688966
0.09120108393559036,-0.0001414189880516499
0.09332543007969847,-0.0001447117084436942
0.09549925860214295,-0.0001480816809791739
0.0977237220955804,-0.0001515303940302067
0.09999999999999931,-0.000155059123145716
0.1023292992280747,-0.0001586702107012974
0.1047128548050892,-0.0001623646779656885
0.1071519305237599,-0.0001661461679956967
0.1096478196143177,-0.0001700148059199378
0.1122018454301956,-0.0001739728722184068
0.1148153621496875,-0.0001780238114912407
0.1174897554939521,-0.0001821694895427466
0.1202264434617404,-0.0001864114337076878
0.1230268770812373,-0.0001907515060365177
0.1258925411794158,-0.0001951932813954363
0.1288249551693125,-0.0001997376064010269
0.1318256738556398,-0.0002043890767201592
0.1348962882591644,-0.0002091475843083531
0.1380384264602875,-0.0002140173310487893
0.1412537544622744,-0.0002189985095766577
0.1445439770745917,-0.0002240984543966827
0.1479108388168197,-0.000229316496043876
0.1513561248436197,-0.0002346559833733624
0.154881661891247,-0.000240119224327731
0.1584893192461102,-0.0002457094953928552
0.1621810097358918,-0.0002514306824949415
0.1659586907437549,-0.0002572845943215242
0.1698243652461732,-0.0002632739059633961
0.1737800828749363,-0.0002694023974523056
0.177827941003891,-0.0002756765869433099
0.181970085860997,-0.0002820937892796758
0.1862087136662854,-0.0002886609735855554
0.1905460717963233,-0.0002953818597354578
0.1949844599758031,-0.0003022583958466438
0.1995262314968865,-0.000309295144823202
0.2041737944669514,-0.0003164956953000615
0.2089296130854024,-0.0003238628679598901
0.2137962089502216,-0.000331402378083997
0.2187761623949536,-0.0003391182668717464
0.2238721138568323,-0.0003470122950009394
0.2290867652767756,-0.000355089953364312
0.2344228815319904,-0.000363356919280912
0.2398832919019472,-0.0003718157870764634
0.2454708915685012,-0.000380471584760359
0.2511886431509561,-0.0003893290663290111
0.2570395782768844,-0.0003983928182674133
0.2630267991895361,-0.000407668202645365
0.2691534803926895,-0.0004171581389994694
0.2754228703338145,-0.000426869788729776
0.2818382931264432,-0.0004368080738939971
0.2884031503126583,-0.0004469762635712747
0.2951209226666363,-0.0004573814879296929
0.3019951720401993,-0.0004680293946992372
0.3090295432513566,-0.0004789259826050593
0.3162277660168354,-0.0004900751786401854
0.3235936569296257,-0.000501484969447347
0.3311311214825885,-0.0005131607460452177
0.3388441561391999,-0.0005251080891443009
0.3467368504525289,-0.000537331485693527
0.3548133892335726,-0.000549842561709027
0.3630780547700985,-0.0005626436185052035
0.3715352290971696,-0.0005757434329468924
0.3801893963205581,-0.0005891464121303112
0.3890451449942774,-0.0006028635517163941
0.398107170553494,-0.0006169006302941075
0.4073802778041094,-0.0006312643709553865
0.416869383470332,-0.0006459620410079221
0.4265795188015891,-0.0006610017098179767
0.4365158322401623,-0.0006763927828673498
0.4466835921509594,-0.0006921419557745593
0.4570881896148712,-0.0007082576817304945
0.4677351412871942,-0.0007247488679006837
0.4786300923226343,-0.0007416239824597246
0.489778819368442,-0.0007588921683671486
0.5011872336272679,-0.0007765634428360423
0.5128613839913604,-0.0007946443469966523
0.524807460249768,-0.0008131475162167391
0.537031796370248,-0.0008320835610744744
0.5495408738576197,-0.0008514583329833088
0.5623413251903442,-0.0008712861060937935
0.5754399373371519,-0.0008915747583085907
0.5888436553555838,-0.0009123382596146164
0.6025595860743524,-0.000933582344710792
0.6165950018614768,-0.0009553219832448685
0.6309573444801877,-0.0009775684773128148
0.6456542290346499,-0.001000333094151703
0.6606934480075902,-0.001023628217074754
0.6760829753919758,-0.001047466550515688
0.6918309709189304,-0.00107186055786661
0.7079457843841317,-0.001096820721437676
0.7244359600749837,-0.001122364396506553
0.7413102413009109,-0.001148501491715341
0.758577575029177,-0.001175249388673412
0.7762471166286847,-0.001202619762631643
0.7943282347242743,-0.001230626157256689
0.8128305161640919,-0.001259285862277254
0.8317637711026634,-0.001288614466265952
0.8511380382023687,-0.001318625387992304
0.8709635899560726,-0.001349335301544213
0.8912509381337372,-0.001380761027477347
0.9120108393559012,-0.001412918420468768
0.9332543007969822,-0.001445825252158097
0.9549925860214269,-0.001479497994274058
0.9772372209558013,-0.00151395607072759
0.9999999999999905,-0.001549215381369711
1.023292992280744,-0.001585297407216352
1.047128548050889,-0.001622220266705016
1.071519305237596,-0.001660001822098535
1.096478196143174,-0.001698664635411793
1.122018454301952,-0.001738227973067481
1.148153621496871,-0.001778712584640518
1.174897554939518,-0.001820140583797633
1.202264434617401,-0.001862453103873391
1.230268770812369,-0.001905835441137522
1.258925411794154,-0.001950304363889996
1.288249551693121,-0.001995729301023171
1.318256738556393,-0.002042212883722279
1.34896288259164,-0.002089778601405194
1.38038426460287,-0.002138452297401856
1.41253754462274,-0.002188260686355364
1.445439770745912,-0.002239228153658306
1.479108388168192,-0.002291383358091534
1.513561248436192,-0.002344753817715092
1.548816618912465,-0.002399367568010102
1.584893192461097,-0.002455253020743169
1.621810097358913,-0.002512440385216265
1.659586907437543,-0.002570959917783627
1.698243652461726,-0.002630842451053905
1.737800828749357,-0.002692120341196575
1.778279410038903,-0.00275482518934362
1.819700858609964,-0.002818990483458606
1.862087136662847,-0.00288465097191242
1.905460717963226,-0.002951840605468627
1.949844599758024,-0.003020595363371416
1.995262314968858,-0.003090951917601664
2.041737944669507,-0.003162946853172381
2.089296130854017,-0.003236619046662669
2.137962089502209,-0.00331200757495711
2.187761623949529,-0.00338915192189122
2.238721138568315,-0.003468093382109922
2.290867652767748,-0.003548830527238232
2.344228815319896,-0.003631535298839952
2.398832919019464,-0.003716123006206413
2.454708915685003,-0.003802680513824227
2.511886431509552,-0.003891254541502742
2.570395782768835,-0.003981891880127683
2.630267991895352,-0.004074640087829517
2.691534803926885,-0.004169548901932803
2.754228703338135,-0.00426666870088574
2.818382931264422,-0.004366050508659213
2.884031503126573,-0.004467747240593352
2.951209226666352,-0.004571812822906544
3.019951720401981,-0.004678302282147168
3.090295432513555,-0.00478727257169433
3.162277660168343,-0.004898781040381503
3.235936569296245,-0.00501288695656597
3.311311214825872,-0.005129650682492772
3.388441561391986,-0.005249134177025633
3.467368504525275,-0.005371400652846441
3.548133892335712,-0.005496515350364398
3.63078054770097,-0.005624544402642222
3.715352290971681,-0.005755555575539181
3.801893963205566,-0.005889618422331894
3.890451449942759,-0.006026804059083518
3.981071705534924,-0.006167185101212033
4.073802778041077,-0.006310836067975278
4.168693834703303,-0.006457833249310321
4.265795188015875,-0.006608254386314666
4.365158322401607,-0.006762179490939332
4.466835921509577,-0.006919689671610237
4.570881896148695,-0.007080868949831304
4.677351412871925,-0.007245802585999251
4.786300923226324,-0.007414577951113791
4.897788193684401,-0.007587284764745602
5.011872336272661,-0.00776401433029898
5.128613839913585,-0.007944860652546688
5.248074602497661,-0.008129919190606861
5.37031796370246,-0.008319288495778881
5.495408738576177,-0.008513068827201925
5.62341325190342,-0.008711362679642867
5.754399373371497,-0.008914275621937737
5.888436553555815,-0.009121914940600965
6.025595860743501,-0.009334390944248669
6.165950018614743,-0.009551816079571361
6.309573444801852,-0.009774305532286112
6.456542290346472,-0.01000197772014868
6.606934480075875,-0.01023495304911361
6.76082975391973,-0.01047335499518723
6.918309709189275,-0.01071730999280174
7.079457843841287,-0.01096694762540958
7.244359600749807,-0.01122240003316146
7.413102413009079,-0.01148380256378582
7.585775750291739,-0.01175129405693361
7.762471166286816,-0.01202501629163587
7.943282347242711,-0.01230511424931484
8.128305161640887,-0.0125917366033098
8.317637711026601,-0.01288503529050674
8.511380382023653,-0.01318516582353574
8.709635899560691,-0.01349228711813615
8.912509381337337,-0.01380656242040167
9.120108393558976,-0.01412815796553646
9.332543007969786,-0.01445724457618411
9.549925860214232,-0.01479399652025868
9.772372209557977,-0.0151385925146659
9.999999999999867,-0.01549121511965422
10.2329299228074,-0.01585205134561824
10.47128548050885,-0.0162212927064624
10.71519305237592,-0.016599134717669
10.9647819614317,-0.01698577776023203
11.22018454301948,-0.01738141800479319
11.48153621496867,-0.0177862918895463
11.74897554939514,-0.01820057898575982
12.02264434617397,-0.01862453324352052
12.30268770812365,-0.01905835394114107
12.5892541179415,-0.01950227170538385
12.88249551693117,-0.01995653802513971
13.18256738556389,-0.0204213854396052
13.48962882591635,-0.02089706056506837
13.80384264602866,-0.02138381557586945
14.12537544622735,-0.02188190869342909
14.45439770745908,-0.0223916037854456
14.79108388168187,-0.02291317121604437
15.13561248436188,-0.02344688750527801
15.4881661891246,-0.02399303566830584
15.84893192461092,-0.02455190527158706
16.21810097358908,-0.02512379257925339
16.59586907437538,-0.02570900086506819
16.98243652461721,-0.02630784626465042
17.37800828749351,-0.02692063444909791
17.78279410038898,-0.02754769628228897
18.19700858609959,-0.02818936427216098
18.62087136662842,-0.02884597863821118
19.05460717963221,-0.02951788752601465
19.49844599758018,-0.03020544718337635
19.95262314968852,-0.0309090221409268
20.41737944669501,-0.03162898547968111
20.8929613085401,-0.03236571892643652
21.37962089502202,-0.03311960843556708
21.87761623949522,-0.03389106317657109
22.38721138568308,-0.03468048740759751
22.90867652767741,-0.03548829968429956
23.44228815319889,-0.03631492829214786
23.98832919019457,-0.03716081574355639
24.54708915684996,-0.03802640210123698
25.11886431509545,-0.0389121505315749
25.70395782768827,-0.03981853068521203
26.30267991895345,-0.04074602316094647
26.91534803926877,-0.04169511600390084
27.54228703338127,-0.04266631991421987
28.18382931264414,-0.04366014609440987
28.84031503126565,-0.04467712142391324
29.51209226666343,-0.04571778515120471
30.19951720401973,-0.04678269237065413
30.90295432513546,-0.04787240097244965
31.62277660168334,-0.04898749215154903
32.35936569296236,-0.05012855406894823
33.11311214825863,-0.0512961979389597
33.88441561391976,-0.05249103970234657
34.67368504525266,-0.05371371580483746
35.48133892335703,-0.05496486864231193
36.3078054770096,-0.05624516457027807
37.15352290971671,-0.05755527972461447
38.01893963205556,-0.05889591680774503
38.90451449942748,-0.06026777857615939
39.81071705534914,-0.06167159507513452
40.73802778041067,-0.06310810821387468
41.68693834703292,-0.06457808699505435
42.65795188015863,-0.06608230343580543
43.65158322401594,-0.06762155754974541
44.66835921509564,-0.06919666327387945
45.70881896148681,-0.07080846238001713
46.77351412871911,-0.07245780068181878
47.86300923226311,-0.07414555923048251
48.97788193684388,-0.07587263268932849
50.11872336272647,-0.07763993074182171
51.28613839913571,-0.07944839841302698
52.48074602497646,-0.0812989867237906
53.70317963702445,-0.08319268275227937
54.95408738576162,-0.08513049040099979
56.23413251903405,-0.08711343163828289
57.54399373371481,-0.0891425650601802
58.884365535558,-0.09121896121663522
60.25595860743485,-0.0933437211046193
61.65950018614727,-0.09551797630979898
63.09573444801836,-0.09774287309390997
64.56542290346455,-0.1000195974904562
66.06934480075857,-0.1023493519203806
67.60829753919712,-0.1047333717344299
69.18309709189256,-0.107172925405313
70.79457843841267,-0.109669301976537
72.44359600749786,-0.1122238265157853
74.13102413009058,-0.1148378534610656
75.85775750291718,-0.1175127674868086
77.62471166286795,-0.1202499895017328
79.4328234724269,-0.1230509694635163
81.28305161640864,-0.1259171924931752
83.17637711026579,-0.1288501794746482
85.1138038202363,-0.1318514830603832
87.09635899560668,-0.1349226958013732
89.12509381337313,-0.1380654460834022
91.20108393558951,-0.1412813991190597
93.3254300796976,-0.1445722633104536
95.49925860214205,-0.1479397791673163
97.72372209557949,-0.1513857363988429
99.99999999999838,-0.154911957938317
102.3292992280738,-0.158520317453677
104.7128548050883,-0.1622127241580725
107.1519305237589,-0.1659911387216066
109.6478196143167,-0.1698575634856028
112.2018454301945,-0.1738140493558029
114.8153621496864,-0.1778626922562606
117.489755493951,-0.1820056388683578
120.2264434617393,-0.1862450875092774
123.0268770812361,-0.1905832858741638
125.8925411794146,-0.1950225316620517
128.8249551693113,-0.1995651817792495
131.8256738556385,-0.2042136423523399
134.8962882591631,-0.2089703787923251
138.0384264602862,-0.2138379123947865
141.253754462273,-0.2188188260982739
144.5439770745903,-0.2239157586001788
147.9108388168182,-0.2291314123250991
151.3561248436182,-0.2344685546312017
154.8816618912455,-0.2399300132129761
158.4893192461086,-0.2455186843941528
162.1810097358902,-0.2512375312522562
165.9586907437532,-0.2570895858880946
169.8243652461715,-0.2630779504260183
173.7800828749346,-0.2692058016086964
177.8279410038892,-0.2754763865992917
181.9700858609952,-0.2818930300423583
186.2087136662836,-0.28845913561544
190.5460717963215,-0.2951781824023394
194.9844599758012,-0.3020537348799215
199.5262314968845,-0.3090894362810887
204.1737944669494,-0.3162890188418918
208.9296130854003,-0.3236562981566072
213.7962089502195,-0.3311951807123828
218.7761623949515,-0.3389096630056698
223.8721138568301,-0.3468038364544855
229.0867652767733,-0.3548818845457329
234.4228815319881,-0.3631480918166813
239.8832919019449,-0.3716068394760223
245.4708915684987,-0.3802626125255109
251.1886431509536,-0.3891199999839362
257.0395782768819,-0.3981836973448958
263.0267991895336,-0.4074585110243681
269.1534803926868,-0.4169493566294559
275.4228703338118,-0.4266612673157211
281.8382931264404,-0.4365993908020062
288.4031503126554,-0.4467689958467362
295.1209226666333,-0.4571754749104966
301.9951720401962,-0.4678243436012926
309.0295432513535,-0.4787212486990766
316.2277660168323,-0.4898719661110235
323.5936569296225,-0.5012824075906848
331.1311214825851,-0.5129586222137762
338.8441561391964,-0.5249067998955648
346.7368504525253,-0.5371332746970564
354.813389233569,-0.5496445278658255
363.0780547700948,-0.5624471927007537
371.5352290971658,-0.57554805496197
380.1893963205542,-0.5889540606374437
389.0451449942735,-0.602672315247422
398.1071705534899,-0.6167100918746543
407.3802778041052,-0.6310748310965772
416.8693834703277,-0.6457741477531126
426.5795188015848,-0.6608158334687199
436.5158322401579,-0.6762078621937245
446.6835921509548,-0.6919583920828971
457.0881896148666,-0.7080757721515668
467.7351412871895,-0.7245685455245456
478.6300923226294,-0.7414454539726437
489.778819368437,-0.7587154435807115
501.1872336272629,-0.7763876673937918
512.8613839913553,-0.794471492335302
524.8074602497628,-0.8129765031282636
537.0317963702427,-0.8319125075439052
549.5408738576142,-0.8512895416119023
562.3413251903385,-0.8711178749003057
575.439937337146,-0.8914080159511155
588.8436553555778,-0.9121707178276244
602.5595860743463,-0.9334169836227185
616.5950018614705,-0.9551580729427478
630.9573444801813,-0.977405506825079
645.6542290346432,-1.00017107451491
660.6934480075834,-1.023466839500789
676.0829753919688,-1.047305146025837
691.8309709189232,-1.071698625008845
707.9457843841243,-1.096660201442641
724.4359600749762,-1.122203101333644
741.3102413009033,-1.148340857386824
758.5775750291692,-1.175087317425965
776.2471166286768,-1.202456651628708
794.3282347242663,-1.230463358694913
812.8305161640836,-1.259122275285641
831.763771102655,-1.288448582529878
851.1380382023601,-1.318457814169795
870.9635899560639,-1.349165865319227
891.2509381337284,-1.380589000325328
912.0108393558921,-1.412743861329695
933.254300796973,-1.445647477540217
954.9925860214174,-1.479317273075499
977.2372209557917,-1.513771077194099
999.9999999999806,-1.549027132993722
1023.292992280734,-1.585104107570213
1047.128548050879,-1.622021100698321
1071.519305237586,-1.659797656205796
1096.478196143164,-1.698453771204689
1122.018454301942,-1.73800990665906
1148.15362149686,-1.778486998521063
1174.897554939507,-1.819906468289072
1202.264434617389,-1.862290234180861
1230.268770812357,-1.905660722963889
1258.925411794143,-1.950040880804092
1288.249551693109,-1.995454185943756
1318.256738556381,-2.041924660876187
1348.962882591627,-2.089476884119381
1380.384264602858,-2.138136003662044
1412.537544622727,-2.187927749894995
1445.439770745899,-2.238878448559019
1479.108388168178,-2.291015034643864
1513.561248436178,-2.344365066216935
1548.816618912451,-2.398956738692174
1584.893192461082,-2.454818899020737
1621.810097358898,-2.511981061227814
1659.586907437528,-2.570473420669241
1698.24365246171,-2.630326870140085
1737.800828749341,-2.691573015606794
1778.279410038887,-2.75424419210999
1819.700858609947,-2.818373480266032
1862.08713666283,-2.883994723381339
1905.460717963209,-2.951142544413755
1949.844599758006,-3.019852363579447
1995.262314968839,-3.090160416264661
2041.737944669488,-3.162103771265699
2089.296130853997,-3.235720349640462
2137.962089502189,-3.311048943460147
2187.761623949508,-3.38812923547562
2238.721138568294,-3.467001818708795
2290.867652767726,-3.547708216941179
2344.228815319874,-3.63029090514638
2398.832919019441,-3.714793330515659
2454.70891568498,-3.801259934096298
2511.886431509528,-3.889736172219139
2570.395782768811,-3.980268539175055
2630.267991895328,-4.072904589685581
2691.53480392686,-4.167692962012078
2754.228703338109,-4.264683401667181
2818.382931264395,-4.363926784964048
2884.031503126546,-4.465475143948011
2951.209226666324,-4.569381690635982
3019.951720401953,-4.675700842820917
3090.295432513526,-4.784488249228416
3162.277660168313,-4.895800815960227
3235.936569296214,-5.009696732979393
3311.311214825841,-5.126235500907305
3388.441561391954,-5.245477958552311
3467.368504525243,-5.367486310549257
3548.133892335679,-5.492324155736106
3630.780547700936,-5.620056515612005
3715.352290971647,-5.750749863474613
3801.893963205531,-5.884472153639331
3890.451449942723,-6.021292851336002
3981.071705534888,-6.161282962677045
4073.80277804104,-6.304515065409285
4168.693834703265,-6.451063339362626
4265.795188015835,-6.601003597825234
4365.158322401566,-6.754413318924231
4466.835921509535,-6.911371677197666
4570.881896148652,-7.071959575643691
4677.351412871882,-7.236259677768406
4786.30092322628,-7.404356440038335
4897.788193684356,-7.576336144403433
5011.872336272614,-7.752286930735242
5128.613839913537,-7.932298829742141
5248.074602497612,-8.116463795612315
5370.31796370241,-8.30487573875542
5495.408738576126,-8.497630558574979
5623.413251903368,-8.694826175850482
5754.399373371444,-8.896562565298323
5888.436553555762,-9.102941787723193
6025.595860743447,-9.314068021692567
6165.950018614688,-9.530047595243696
6309.573444801796,-9.750989016716407
6456.542290346415,-9.977003005207777
6606.934480075816,-10.20820252052768
6760.82975391967,-10.44470279210381
6918.309709189213,-10.68662134729548
7079.457843841224,-10.93407803857137
7244.359600749742,-11.1871950697668
7413.102413009013,-11.44609702097741
7585.775750291671,-11.71091087215776
7762.471166286747,-11.98176602528802
7943.28234724264,-12.25879432467995
8128.305161640813,-12.54213007572762
8317.637711026526,-12.83191006144739
8511.380382023575,-13.1282735569836
8709.635899560612,-13.43136234153434
8912.509381337255,-13.74132070797914
9120.108393558892,-14.05829546942452
9332.5430079697,-14.38243596284199
9549.925860214144,-14.7138940494658
9772.372209557885,-15.05282411162433
9999.999999999773,-15.39938304568231
10232.92992280731,-15.75373025110522
10471.28548050876,-16.11602761507347
10715.19305237582,-16.48643949237044
10964.7819614316,-16.86513268048731
11220.18454301938,-17.25227638931703
11481.53621496856,-17.64804220528547
11748.97554939503,-18.05260404958275
12022.64434617385,-18.46613812996866
12302.68770812353,-18.88882288615518
12589.25411794138,-19.32083892792496
12882.49551693104,-19.76236896609658
13182.56738556377,-20.21359773565211
13489.62882591622,-20.67471191069352
13803.84264602853,-21.14590001109283
14125.37544622722,-21.62735230008594
14454.39770745894,-22.11926067283522
14791.08388168173,-22.62181853532456
15135.61248436173,-23.13522067339073
15488.16618912445,-23.65966311152144
15848.93192461077,-24.19534296115161
16218.10097358892,-24.74245825806015
16595.86907437522,-25.30120778884326
16982.43652461705,-25.87179090596734
17378.00828749335,-26.45440733141303
17782.79410038881,-27.04925694877614
18197.00858609941,-27.65653958356535
18620.87136662824,-28.27645477184842
19054.60717963202,-28.90920151723709
19498.44599757999,-29.55497803621218
19952.62314968833,-30.21398149208299
20417.37944669481,-30.88640771776124
20892.9613085399,-31.57245092773693
21379.62089502182,-32.27230341961557
21877.61623949501,-32.98615526583441
22387.21138568287,-33.7141939961272
22908.67652767719,-34.45660427148852
23442.28815319866,-35.21356755045291
23988.32919019433,-35.98526174871895
24547.08915684972,-36.77186089307175
25118.8643150952,-37.57353477086326
25703.95782768802,-38.39044857622947
26302.67991895319,-39.22276255455092
26915.34803926851,-40.07063164650955
27542.287033381,-40.93420513328677
28183.82931264386,-41.81362628466574
28840.31503126536,-42.70903201150246
29512.09226666314,-43.62055252450349
30199.51720401943,-44.54831100084633
30902.95432513516,-45.4924232605496
31622.77660168303,-46.452997454122
32359.36569296204,-47.43013376330665
33113.11214825831,-48.42392411633518
33884.41561391944,-49.43445191920513
34673.68504525233,-50.4617918042206
35481.33892335669,-51.50600939690291
36307.80547700926,-52.56716110216038
37153.52290971635,-53.64529391021878
38018.9396320552,-54.74044522279053
38904.51449942712,-55.85264269928566
39810.71705534876,-56.9819041228685
40738.02778041028,-58.1282372854624
41686.93834703253,-59.2916398907058
42657.95188015823,-60.47209947319246
43651.58322401554,-61.66959333212096
44668.35921509522,-62.88408847695905
45708.81896148639,-64.11554158234631
46773.51412871868,-65.36389894910862
47863.00923226267,-66.62909646792791
48977.88193684342,-67.91105958185079
50118.723362726,-69.20970324365733
51286.13839913523,-70.52493186386553
52480.74602497597,-71.85663924512565
53703.17963702395,-73.20470849866049
54954.08738576109,-74.5690119385397
56234.13251903351,-75.94941094975053
57543.99373371426,-77.3457558263547
58884.36553555743,-78.75788557628283
60255.95860743427,-80.18562769002612
61659.50018614668,-81.62879787100893
63095.73444801775,-83.08719972603114
64565.42290346394,-84.56062441531256
66069.34480075794,-86.0488502622361
67608.29753919647,-87.55164232415075
69183.0970918919,-89.0687519265049
70794.57843841201,-90.59991616376915
72443.59600749718,-92.14485737171535
74131.02413008988,-93.7032825767366
75857.75750291646,-95.27488292913269
77624.71166286721,-96.85933312817772
79432.82347242614,-98.45629084809909
81283.05161640787,-100.0653961747204
83176.37711026499,-101.6862710636842
85113.80382023548,-103.318518831602
87096.35899560584,-104.9617236922608
89125.09381337228,-106.615450350203
91201.08393558864,-108.2792436644495
93325.43007969671,-109.9526283948854
95499.25860214114,-111.6351090438279
97723.72209557856,-113.3261698048189
99999.99999999742,-115.0252746300683
102329.2992280728,-116.7318674270923
104712.8548050872,-118.4453723941661
107151.9305237579,-120.1651945028913
109647.8196143157,-121.8907201346424
112201.8454301934,-123.6213178763087
114815.3621496853,-125.3563394787713
117489.7554939499,-127.0951209796855
120226.4434617382,-128.8369839903092
123026.877081235,-130.5812371438195
125892.5411794134,-132.3271777005628
128824.95516931,-134.074093303504
131825.6738556373,-135.8212638749694
134896.2882591618,-137.5679636437021
138038.4264602849,-139.3134632891557
141253.7544622717,-141.0570321880527
144543.977074589,-142.7979407465123
147910.8388168169,-144.5354627992035
151356.1248436169,-146.2688780557666
154881.6618912441,-147.9974745733969
158489.3192461072,-149.720551233481
162181.0097358887,-151.4374201995509
165958.6907437517,-153.1474093334178
169824.36524617,-154.8498645460319
173780.082874933,-156.5441520600607
177827.9410038876,-158.2296605615585
181970.0858609935,-159.9058032189672
186208.7136662818,-161.5720195489163
190546.0717963197,-163.2277771097149
194984.4599757993,-164.872573005243
199526.2314968827,-166.5059351841611
204173.7944669475,-168.1274235215294
208929.6130853984,-169.7366306725716
213796.2089502175,-171.3331826911547
218776.1623949494,-172.9167394084822
223872.113856828,-174.4869945703459
229086.7652767712,-176.0436757346352
234422.881531986,-177.5865439336562
239883.2919019427,-179.1153931089175
245470.8915684965,-180.6300493290638
251188.6431509513,-182.1303698040335
257039.5782768795,-183.6162417114933
263026.7991895311,-185.0875808533987
269153.4803926843,-186.5443301628054
275422.8703338092,-187.9864580823915
281838.2931264378,-189.4139568374369
288403.1503126528,-190.8268406269679
295120.9226666306,-192.2251437567375
301995.1720401935,-193.6089187382519
309029.5432513507,-194.9782343771803
316227.7660168294,-196.3331738739119
323593.6569296195,-197.673832957909
331131.1214825821,-199.0003180758691
338844.1561391933,-200.3127446521579
346736.8504525222,-201.6112354378689
354813.3892335658,-202.8959189628504
363078.0547700915,-204.1669281025767
371535.2290971624,-205.4243987696188
380189.3963205508,-206.6684687369047
389045.14499427,-207.899276597686
398107.1705534864,-209.1169608648715
407380.2778041016,-210.3216592101078
416869.383470324,-211.5135078410544
426579.5188015809,-212.69264101342
436515.832240154,-213.8591906725745
446683.5921509509,-215.0132862182218
457088.1896148625,-216.1550543842767
467735.1412871854,-217.2846192251998
478630.0923226252,-218.4021021991337
489778.8193684327,-219.5076223377333
501187.2336272585,-220.6012964922232
512861.3839913508,-221.6832396450218
524807.4602497582,-222.7535652763785
537031.7963702379,-223.8123857756319
549540.8738576095,-224.8598128870374
562341.3251903336,-225.8959581806792
575439.9373371411,-226.9209335393907
588843.6553555728,-227.9348516534387
602559.5860743412,-228.9378265153161
616595.0018614652,-229.9299739078408
630957.3444801759,-230.9114118794496
645654.2290346377,-231.8822612014762
660693.4480075777,-232.8426458028397
676082.975391963,-233.7926931785149
691830.9709189173,-234.7325347687026
707945.7843841183,-235.6623063064295
724435.9600749699,-236.5821481318839
741310.2413008969,-237.4922054724242
758577.5750291626,-238.3926286876909
776247.11662867,-239.283573479702
794328.2347242592,-240.1652010683245
812830.5161640764,-241.0376783326882
831763.7711026476,-241.9011779195649
851138.0382023526,-242.7558783198764
870963.5899560562,-243.6019639146801
891250.9381337205,-244.43962499213
912010.8393558841,-245.269057736986
933254.3007969648,-246.0904641942991
954992.586021409,-246.9040522088631
977237.2209557832,-247.7100353420761
999999.9999999718,-248.5086327677296
1023292.992280725,-249.3000691482268
1047128.54805087,-250.0845744926115
1071519.305237576,-250.8623839977105
1096478.196143154,-251.6337378736018
1122018.454301932,-252.3988811544456
1148153.62149685,-253.1580634957091
1174897.554939496,-253.9115389586286
1202264.434617379,-254.6595657826807
1230268.770812347,-255.4024061467463
1258925.411794131,-256.140325919611
1288249.551693097,-256.8735944002691
1318256.738556369,-257.602484048591
1348962.882591615,-258.3272702067626
1380384.264602845,-259.0482308119224
1412537.544622714,-259.7656461004387
1445439.770745886,-260.4797983042288
1479108.388168165,-261.1909713395664
1513561.248436165,-261.8994504888548
1548816.618912437,-262.6055220758934
1584893.192461068,-263.3094731351863
1621810.097358883,-264.0115910759285
1659586.907437513,-264.7121633413645
1698243.652461695,-265.4114770642618
1737800.828749325,-266.1098187193146
1778279.410038871,-266.8074737733614
1819700.858609931,-267.5047263343342
1862087.136662814,-268.2018587999174
1905460.717963192,-268.8991515069071
1949844.599757989,-269.5968823823064
1995262.314968822,-270.295326597177
2041737.94466947,-270.994756224245
2089296.130853979,-271.6954399002611
2137962.08950217,-272.3976424940155
2187761.623949489,-273.1016247808766
2238721.138568274,-273.8076431246388
2290867.652767706,-274.5159491673019
2344228.815319854,-275.2267895273707
2398832.919019421,-275.9404055070524
2454708.915684959,-276.6570328086516
2511886.431509507,-277.3769012602498
2570395.782768789,-278.1002345506699
2630267.991895305,-278.8272499735267
2691534.803926837,-279.5581581800428
2754228.703338086,-280.2931629401669
2818382.931264371,-281.0324609114121
2884031.503126521,-281.7762414147381
2951209.226666299,-282.5246862166989
3019951.720401927,-283.2779693170494
3090295.432513499,-284.0362567409667
3162277.660168286,-284.799706335051
3235936.569296187,-285.5684675663156
3311311.214825813,-286.3426813234545
3388441.561391925,-287.1224797197913
3467368.504525214,-287.9079858974622
3548133.892335649,-288.6993138325706
3630780.547700905,-289.49656814128
3715352.290971614,-290.2998438870495
3801893.963205498,-291.109226389499
3890451.449942689,-291.9247910356924
3981071.705534853,-292.7466030949365
4073802.778041005,-293.5747175385161
4168693.834703229,-294.409178866124
4265795.188015798,-295.2500209410534
4365158.322401528,-296.0972668365426
4466835.921509497,-296.9509286959453
4570881.896148613,-297.8110076096618
4677351.412871841,-298.6774935119901
4786300.923226239,-299.5503651012374
4897788.193684314,-300.4295897865562
5011872.336272571,-301.3151236650375
5128613.839913493,-302.2069115325997
5248074.602497566,-303.1048869321515
5370317.963702364,-304.00897224236
5495408.738576078,-304.9190788101617
5623413.251903319,-305.835107129866
5754399.373371393,-306.7569470713474
5888436.553555709,-307.6844781594095
6025595.860743392,-308.6175699059118
6165950.018614632,-309.5560821957248
6309573.444801738,-310.4998657269764
6456542.290346356,-311.4487625054289
6606934.480075756,-312.4026063921811
6760829.753919609,-313.3612237031907
6918309.709189151,-314.3244338584497
7079457.843841161,-315.2920500779596
7244359.600749677,-316.2638801209902
7413102.413008946,-317.2397270644836
7585775.750291603,-318.2193901158705
7762471.166286676,-319.2026654550301
7943282.347242568,-320.1893470996517
8128305.161640739,-321.1792277878627
8317637.711026451,-322.1720998716494
8511380.382023498,-323.1677562143752
8709635.899560533,-324.1659910855562
8912509.381337175,-325.1666010459836
9120108.39355881,-326.1693858163524
9332543.007969616,-327.1741491226691
9549925.860214058,-328.180699511945
9772372.209557798,-329.1888511319981
9999999.999999683,-330.1984244695752
10232929.92280722,-331.2092470414694
10471285.48050866,-332.2211540338421
10715193.05237572,-333.2339888855391
10964781.9614315,-334.2476038118086
11220184.54301928,-335.2618602655085
11481536.21496846,-336.2766293335373
11748975.54939492,-337.2917920669345
12022644.34617374,-338.3072397437742
12302687.70812342,-339.3228740646417
12589254.11794127,-340.3386072811402
12882495.51693092,-341.3543622584961
13182567.38556364,-342.3700724739024
13489628.8259161,-343.3856819527869
13803842.6460284,-344.4011451456739
14125375.44622708,-345.4164267487428
14454397.7074588,-346.4315014715694
14791083.88168159,-347.4463537558477
15135612.48436159,-348.4609774491775
15488166.18912431,-349.4753754381843
15848931.92461062,-350.48955924543
16218100.97358877,-351.503548594651
16595869.07437506,-352.5173709489419
16982436.52461689,-353.5310610265109
17378008.28749318,-354.544660298609
17782794.10038864,-355.5582164741825
18197008.58609923,-356.5717829757009
18620871.36662806,-357.5854184104942
19054607.17963184,-358.5991860417832
19498445.99757981,-359.6131532634208
19952623.14968813,-360.6273910821651
20417379.44669461,-361.6419736110927
20892961.3085397,-362.6569775775368
21379620.89502161,-363.6724818486783
21877616.23949479,-364.6885669776619
22387211.38568265,-365.7053147728206
22908676.52767696,-366.7228078923063
23442288.15319844,-367.7411294661002
23988329.1901941,-368.760362747061
24547089.15684948,-369.780590792318
25118864.31509496,-370.8018961759664
25703957.82768777,-371.8243607336512
26302679.91895293,-372.8480653392502
26915348.03926825,-373.8730897134748
27542287.03338074,-374.8995122638206
28183829.31264359,-375.9274099549024
28840315.03126509,-376.9568582078203
29512092.26666286,-377.9879308268177
30199517.20401914,-379.020699951127
30902954.32513486,-380.0552360295493
31622776.60168273,-381.0916078149861
32359365.69296173,-382.1298823758627
33113112.14825799,-383.170125121122
33884415.61391911,-384.2123998352716
34673685.04525199,-385.256768719816
35481338.92335634,-386.3032924373077
36307805.4770089,-387.3520301542291
37153522.90971599,-388.4030395789464
38018939.63205482,-389.4563769910893
38904514.49942673,-390.5120972588728
39810717.05534836,-391.5702538411351
40738027.78040987,-392.6308987711576
41686938.34703211,-393.6940826197176
42657951.8801578,-394.7598544352386
43651583.22401509,-395.8282616593812
44668359.21509477,-396.8993500169325
45708818.96148593,-397.9731633793862
46773514.1287182,-399.049743602169
47863009.23226218,-400.1291303360302
48977881.93684293,-401.2113608136645
50118723.3627255,-402.2964696131779
51286138.39913471,-403.3844884005007
52480746.02497544,-404.4754456533214
53703179.63702341,-405.569366369503
54954087.38576055,-406.6662717632949
56234132.51903296,-407.766178952912
57543993.73371369,-408.8691006432403
58884365.53555685,-409.9750448075371
60255958.60743368,-411.0840143720133
61659500.18614607,-412.1960069071196
63095734.44801713,-413.3110143292214
64565422.9034633,-414.4290226161198
66069344.8007573,-415.550011539587
67608297.53919582,-416.6739544177337
69183097.09189123,-417.8008178896137
70794578.43841131,-418.9305617140277
72443596.00749646,-420.0631385940067
74131024.13008915,-421.1984940279576
75857757.50291571,-422.3365661879537
77624711.66286644,-423.4772858251513
79432823.47242536,-424.6205762018438
81283051.61640707,-425.7663530492079
83176377.11026417,-426.9145245493986
85113803.82023464,-428.0649913402863
87096358.99560499,-429.2176465408319
89125093.81337141,-430.3723757948613
91201083.93558775,-431.5290573308331
93325430.07969581,-432.6875620350979
95499258.60214022,-433.8477535361265
97723722.09557761,-435.0094882972363
99999999.99999645,-436.1726157154613
102329299.2280718,-437.3369782244056
104712854.8050862,-438.5024113991616
107151930.5237568,-439.6687440616784
109647819.6143146,-440.8357983853184
112201845.4301923,-442.0033899977157
114815362.1496842,-443.1713280814723
117489755.4939488,-444.3394154726511
120226443.461737,-445.5074487574574
123026877.0812338,-446.6752183679369
125892541.1794122,-447.8425086779253
128824955.1693088,-449.0090981008742
131825673.855636,-450.1747591915299
134896288.2591605,-451.3392587537459
138038426.4602835,-452.5023579569627
141253754.4622703,-453.663812464085
144543977.0745876,-454.8233725736072
147910838.8168154,-455.9807833789015
151356124.8436154,-457.1357849475679
154881661.8912425,-458.2881125236535
158489319.2461056,-459.4374967553958
162181009.7358871,-460.5836639509082
165958690.74375,-461.7263363639336
169824365.2461683,-462.8652325114318
173780082.8749312,-464.0000675243558
177827941.0038858,-465.1305535325127
181970085.8609917,-466.2564000839071
186208713.66628,-467.37731459844
190546071.7963178,-468.4930028552963
194984459.9757974,-469.6031695127995
199526231.4968807,-470.7075186589723
204173794.4669455,-471.8057543905064
208929613.0853963,-472.8975814173443
213796208.9502154,-473.9827056896029
218776162.3949473,-475.0608350431482
223872113.8568258,-476.1316798597547
229086765.276769,-477.1949537374754
234422881.5319836,-478.2503741665985
239883291.9019403,-479.2976632063954
245470891.5684941,-480.3365481577539
251188643.1509488,-481.3667622267687
257039578.276877,-482.3880451743937
263026799.1895286,-483.4001439473838
269153480.3926817,-484.4028132859269
275422870.3338066,-485.3958163036156
281838293.126435,-486.3789250357066
288403150.31265,-487.3519209519668
295120922.6666278,-488.3145954308005
301995172.0401906,-489.266750191778
309029543.2513477,-490.2081976841424
316227766.0168263,-491.1387614293407
323593656.9296164,-492.058276316114
331131121.4825789,-492.9665888471497
338844156.1391901,-493.8635573367928
346736850.4525189,-494.7490520597584
354813389.2335624,-495.6229553512409
363078054.770088,-496.4851616592235
371535229.0971588,-497.3355775501829
380189396.3205472,-498.1741216697287
389045144.9942662,-499.0007246600369
398107170.5534825,-499.8153290362038
407380277.8040977,-500.6178890238854
416869383.47032,-501.408370360778
426579518.8015769,-502.1867500646445
436515832.2401498,-502.9530161707092
446683592.1509466,-503.7071674413112
457088189.6148581,-504.4492130507523
467735141.2871808,-505.1791722482733
478630092.3226206,-505.8970740020751
489778819.368428,-506.6029566272414
501187233.6272537,-507.2968674003492
512861383.9913458,-507.9788621634515
524807460.2497531,-508.6490049200031
537031796.3702327,-509.3073674251693
549540873.857604,-509.9540287728187
562341325.190328,-510.5890749813422
575439937.3371353,-511.2125985802966
588843655.3555669,-511.824698199699
602559586.0743351,-512.425478163642
616595001.861459,-513.0150480897389
630957344.4801695,-513.5935224957462
645654229.0346313,-514.1610204145576
660693448.0075711,-514.7176650186127
676082975.3919562,-515.2635832546196
691830970.9189103,-515.7989054893527
707945784.384111,-516.3237651671595
724435960.0749625,-516.8382984796845
741310241.3008893,-517.342644048209
758577575.0291548,-517.8369426189003
776247116.628662,-518.3213367711618
794328234.724251,-518.7959706391974
812830516.164068,-519.2609896468153
831763771.102639,-519.7165402554286
851138038.2023437,-520.1627697251465
870963589.9560471,-520.5998258887928
891250938.1337111,-521.0278569386388
912010839.3558745,-521.4470112255946
933254300.796955,-521.8574370705686
954992586.021399,-522.2592825876715
977237220.9557729,-522.6526955189167
1000000000,-523.0378230800497
