db(v("/Vout+" ?result "ac")) X,db(v("/Vout+" ?result "ac")) Y
0.001,-51.60944505647159
0.001023292992280754,-51.60944505822683
0.0010471285480509,-51.60944506011857
0.001071519305237606,-51.6094450620097
0.001096478196143185,-51.60944506405567
0.001122018454301963,-51.60944506616012
0.001148153621496882,-51.60944506835814
0.001174897554939529,-51.60944507070443
0.001202264434617413,-51.60944507312389
0.001230268770812381,-51.60944507568252
0.001258925411794167,-51.60944507833516
0.001288249551693133,-51.60944508115833
0.001318256738556406,-51.60944508401704
0.001348962882591653,-51.60944508711948
0.001380384264602884,-51.60944509030097
0.001412537544622754,-51.60944509367905
0.001445439770745927,-51.60944509722138
0.001479108388168207,-51.60944510088486
0.001513561248436207,-51.60944510470814
0.00154881661891248,-51.60944510871948
0.001584893192461112,-51.6094451129884
0.001621810097358929,-51.60944511751413
0.001659586907437559,-51.60944512215529
0.001698243652461743,-51.60944512703276
0.001737800828749374,-51.60944513216741
0.001778279410038921,-51.60944513739929
0.001819700858609981,-51.60944514304194
0.001862087136662865,-51.60944514879552
0.001905460717963245,-51.60944515494491
0.001949844599758043,-51.60944516137242
0.001995262314968877,-51.60944516807207
0.002041737944669526,-51.60944517502855
0.002089296130854036,-51.60944518244818
0.002137962089502229,-51.6094451901461
0.002187761623949549,-51.60944519820929
0.002238721138568336,-51.60944520665582
0.002290867652767769,-51.60944521553451
0.002344228815319918,-51.60944522475368
0.002398832919019486,-51.60944523444463
0.002454708915685026,-51.60944524467859
0.002511886431509576,-51.60944525528719
0.002570395782768859,-51.60944526635375
0.002630267991895377,-51.60944527803363
0.00269153480392691,-51.60944529022147
0.002754228703338161,-51.60944530301489
0.002818382931264448,-51.6094453163912
0.0028840315031266,-51.60944533036997
0.00295120922666638,-51.60944534509241
0.00301995172040201,-51.6094453604501
0.003090295432513584,-51.6094453765066
0.003162277660168373,-51.60944539344869
0.003235936569296276,-51.60944541110166
0.003311311214825904,-51.60944542947439
0.003388441561392018,-51.60944544890854
0.003467368504525309,-51.60944546907503
0.003548133892335747,-51.60944549038027
0.003630780547701005,-51.6094455125991
0.003715352290971717,-51.60944553581055
0.003801893963205603,-51.60944556015616
0.003890451449942797,-51.6094455857196
0.003981071705534963,-51.60944561234528
0.004073802778041117,-51.60944564034373
0.004168693834703344,-51.60944566962527
0.004265795188015916,-51.60944570028441
0.004365158322401649,-51.60944573236793
0.00446683592150962,-51.60944576605742
0.004570881896148739,-51.60944580117472
0.004677351412871971,-51.60944583805895
0.004786300923226371,-51.60944587654945
0.00489778819368445,-51.60944591697246
0.00501187233627271,-51.60944595941633
0.005128613839913635,-51.60944600367237
0.005248074602497712,-51.60944605009949
0.005370317963702512,-51.60944609863843
0.00549540873857623,-51.60944614956672
0.005623413251903474,-51.60944620282515
0.005754399373371553,-51.60944625853043
0.005888436553555873,-51.60944631701624
0.00602559586074356,-51.60944637821992
0.006165950018614803,-51.60944644220482
0.006309573444801914,-51.60944650927266
0.006456542290346536,-51.60944657954055
0.00660693448007594,-51.60944665311183
0.006760829753919797,-51.60944673009786
0.006918309709189343,-51.60944681072786
0.007079457843841356,-51.60944689509843
0.007244359600749877,-51.60944698362552
0.007413102413009151,-51.60944707608132
0.007585775750291813,-51.60944717306094
0.007762471166286891,-51.60944727454523
0.007943282347242788,-51.60944738086818
0.008128305161640965,-51.60944749222225
0.008317637711026681,-51.60944760866037
0.008511380382023735,-51.60944773068002
0.008709635899560775,-51.6094478583672
0.008912509381337422,-51.60944799226409
0.009120108393559064,-51.60944813245247
0.009332543007969875,-51.60944827908897
0.009549925860214322,-51.60944843272656
0.009772372209558068,-51.60944859358136
0.00999999999999996,-51.60944876197551
0.0102329299228075,-51.60944893839964
0.01047128548050895,-51.60944912298866
0.01071519305237602,-51.60944931648914
0.01096478196143181,-51.60944951894298
0.01122018454301959,-51.60944973092478
0.01148153621496878,-51.60944995293932
0.01174897554939525,-51.60945018546318
0.01202264434617408,-51.60945042884514
0.01230268770812376,-51.60945068365822
0.01258925411794162,-51.60945095055191
0.01288249551693128,-51.60945123001014
0.01318256738556401,-51.60945152258493
0.01348962882591648,-51.60945182898735
0.01380384264602879,-51.60945214984864
0.01412537544622748,-51.60945248570037
0.01445439770745921,-51.60945283751946
0.01479108388168201,-51.60945320590541
0.01513561248436201,-51.60945359145341
0.01548816618912474,-51.60945399534945
0.01584893192461106,-51.60945441814565
0.01621810097358923,-51.60945486088828
0.01659586907437553,-51.60945532439502
0.01698243652461736,-51.60945580986155
0.01737800828749367,-51.60945631810848
0.01778279410038914,-51.60945685031759
0.01819700858609975,-51.60945740754242
0.01862087136662858,-51.60945799095085
0.01905460717963238,-51.60945860190947
0.01949844599758035,-51.60945924148157
0.01995262314968869,-51.60945991124672
0.02041737944669519,-51.60946061251671
0.02089296130854029,-51.60946134680411
0.02137962089502221,-51.60946211556127
0.02187761623949541,-51.60946292044716
0.02238721138568328,-51.60946376329923
0.02290867652767761,-51.60946464567548
0.0234422881531991,-51.60946556970206
0.02398832919019478,-51.60946653711341
0.02454708915685017,-51.60946754999874
0.02511886431509567,-51.60946861052606
0.0257039578276885,-51.60946972083514
0.02630267991895368,-51.60947088340578
0.02691534803926901,-51.60947210055835
0.02754228703338151,-51.60947337495278
0.02818382931264438,-51.60947470909066
0.0288403150312659,-51.60947610593493
0.02951209226666369,-51.60947756858272
0.03019951720401999,-51.60947909971049
0.03090295432513573,-51.60948070287566
0.03162277660168361,-51.60948238126733
0.03235936569296264,-51.60948413836697
0.03311311214825892,-51.6094859780062
0.03388441561392006,-51.60948790382114
0.03467368504525296,-51.60948991998418
0.03548133892335734,-51.6094920308706
0.03630780547700992,-51.60949424057567
0.03715352290971704,-51.60949655390797
0.0380189396320559,-51.60949897558471
0.03890451449942783,-51.60950151086482
0.03981071705534948,-51.60950416476638
0.04073802778041102,-51.60950694297043
0.04168693834703328,-51.60950985106962
0.042657951880159,-51.60951289541215
0.04365158322401633,-51.60951608223247
0.04466835921509604,-51.60951941789441
0.04570881896148722,-51.60952290951435
0.04677351412871953,-51.60952656431583
0.04786300923226354,-51.60953038973248
0.04897788193684432,-51.60953439371441
0.05011872336272692,-51.60953858467315
0.05128613839913617,-51.60954297116723
0.05248074602497694,-51.60954756213986
0.05370317963702494,-51.60955236688588
0.05495408738576212,-51.60955739548031
0.05623413251903456,-51.60956265814671
0.05754399373371533,-51.60956816561715
0.05888436553555853,-51.60957392923155
0.0602559586074354,-51.60957996040047
0.06165950018614783,-51.6095862716946
0.06309573444801893,-51.60959287593847
0.06456542290346515,-51.60959978620473
0.06606934480075918,-51.60960701657637
0.06760829753919775,-51.60961458171205
0.06918309709189321,-51.6096224967328
0.07079457843841334,-51.60963077758719
0.07244359600749854,-51.60963944069073
0.07413102413009127,-51.60964850315264
0.07585775750291789,-51.60965798339205
0.07762471166286866,-51.60966789989456
0.07943282347242762,-51.60967827239642
0.08128305161640939,-51.60968912100106
0.08317637711026656,-51.60970046727552
0.08511380382023709,-51.60971233326886
0.08709635899560748,-51.60972474196342
0.08912509381337395,-51.6097377176266
0.09120108393559036,-51.60975128508248
0.09332543007969847,-51.60976547048986
0.09549925860214295,-51.60978030069654
0.0977237220955804,-51.60979580406547
0.09999999999999931,-51.60981201023527
0.1023292992280747,-51.6098289490713
0.1047128548050892,-51.60984665262725
0.1071519305237599,-51.60986515379179
0.1096478196143177,-51.60988448645398
0.1122018454301956,-51.60990468636705
0.1148153621496875,-51.60992579029869
0.1174897554939521,-51.60994783592285
0.1202264434617404,-51.60997086347937
0.1230268770812373,-51.60999491358514
0.1258925411794158,-51.61002002854079
0.1288249551693125,-51.61004625230183
0.1318256738556398,-51.61007363055531
0.1348962882591644,-51.6101022100564
0.1380384264602875,-51.61013203907204
0.1412537544622744,-51.61016316778212
0.1445439770745917,-51.61019564796457
0.1479108388168197,-51.61022953267399
0.1513561248436197,-51.61026487681167
0.154881661891247,-51.61030173680275
0.1584893192461102,-51.61034017058788
0.1621810097358918,-51.61038023779088
0.1659586907437549,-51.61042199927539
0.1698243652461732,-51.61046551810176
0.1737800828749363,-51.61051085835291
0.177827941003891,-51.61055808548333
0.181970085860997,-51.61060726649511
0.1862087136662854,-51.61065847008813
0.1905460717963233,-51.6107117655873
0.1949844599758031,-51.61076722389589
0.1995262314968865,-51.61082491702069
0.2041737944669514,-51.61088491797945
0.2089296130854024,-51.61094730028934
0.2137962089502216,-51.61101213855505
0.2187761623949536,-51.61107950807055
0.2238721138568323,-51.61114948401691
0.2290867652767756,-51.61122214224499
0.2344228815319904,-51.61129755817477
0.2398832919019472,-51.61137580737187
0.2454708915685012,-51.6114569652655
0.2511886431509561,-51.61154110554477
0.2570395782768844,-51.61162830183986
0.2630267991895361,-51.6117186259536
0.2691534803926895,-51.61181214840234
0.2754228703338145,-51.61190893760239
0.2818382931264432,-51.61200905976423
0.2884031503126583,-51.61211257825506
0.2951209226666363,-51.61221955330203
0.3019951720401993,-51.6123300421422
0.3090295432513566,-51.61244409738907
0.3162277660168354,-51.61256176819506
0.3235936569296257,-51.61268309799171
0.3311311214825885,-51.61280812587647
0.3388441561391999,-51.61293688470906
0.3467368504525289,-51.61306940115794
0.3548133892335726,-51.61320569585988
0.3630780547700985,-51.61334578160794
0.3715352290971696,-51.61348966438882
0.3801893963205581,-51.61363734163575
0.3890451449942774,-51.61378880294411
0.398107170553494,-51.61394402871611
0.4073802778041094,-51.614102990394
0.416869383470332,-51.61426564980911
0.4265795188015891,-51.61443195934096
0.4365158322401623,-51.61460186043064
0.4466835921509594,-51.6147752853378
0.4570881896148712,-51.61495215502414
0.4677351412871942,-51.61513238020124
0.4786300923226343,-51.61531586063725
0.489778819368442,-51.61550248581055
0.5011872336272679,-51.61569213425062
0.5128613839913604,-51.6158846742259
0.524807460249768,-51.61607996359778
0.537031796370248,-51.61627785038527
0.5495408738576197,-51.61647817280038
0.5623413251903442,-51.61668075991219
0.5754399373371519,-51.61688543203118
0.5888436553555838,-51.61709200144544
0.6025595860743524,-51.61730027258542
0.6165950018614768,-51.61751004324196
0.6309573444801877,-51.61772110489181
0.6456542290346499,-51.61793324397244
0.6606934480075902,-51.61814624213174
0.6760829753919758,-51.61835987771376
0.6918309709189304,-51.61857392612089
0.7079457843841317,-51.61878816125294
0.7244359600749837,-51.61900235590214
0.7413102413009109,-51.61921628331373
0.758577575029177,-51.61942971784669
0.7762471166286847,-51.61964243572233
0.7943282347242743,-51.61985421636041
0.8128305161640919,-51.62006484301823
0.8317637711026634,-51.62027410386109
0.8511380382023687,-51.62048179256509
0.8709635899560726,-51.62068770904241
0.8912509381337372,-51.62089166069816
0.9120108393559012,-51.62109346246123
0.9332543007969822,-51.62129293770463
0.9549925860214269,-51.62148991860914
0.9772372209558013,-51.62168424690571
0.9999999999999905,-51.6218757741614
1.023292992280744,-51.62206436181528
1.047128548050889,-51.62224988173698
1.071519305237596,-51.62243221642599
1.096478196143174,-51.62261125899579
1.122018454301952,-51.62278691313885
1.148153621496871,-51.62295909316603
1.174897554939518,-51.62312772412962
1.202264434617401,-51.62329274135408
1.230268770812369,-51.62345409059786
1.258925411794154,-51.62361172730512
1.288249551693121,-51.62376561690495
1.318256738556393,-51.62391573403408
1.34896288259164,-51.62406206244477
1.38038426460287,-51.62420459454264
1.41253754462274,-51.62434333077553
1.445439770745912,-51.62447827973341
1.479108388168192,-51.62460945704495
1.513561248436192,-51.62473688541442
1.548816618912465,-51.62486059389045
1.584893192461097,-51.6249806175919
1.621810097358913,-51.62509699713215
1.659586907437543,-51.62520977809586
1.698243652461726,-51.62531901087625
1.737800828749357,-51.62542474983133
1.778279410038903,-51.62552705318399
1.819700858609964,-51.62562598245601
1.862087136662847,-51.62572160213804
1.905460717963226,-51.62581397914779
1.949844599758024,-51.62590318267114
1.995262314968858,-51.62598928374618
2.041737944669507,-51.62607235483261
2.089296130854017,-51.62615246959531
2.137962089502209,-51.62622970267287
2.187761623949529,-51.62630412919207
2.238721138568315,-51.62637582476069
2.290867652767748,-51.62644486506969
2.344228815319896,-51.62651132574094
2.398832919019464,-51.62657528212286
2.454708915685003,-51.62663680909195
2.511886431509552,-51.62669598090883
2.570395782768835,-51.62675287106761
2.630267991895352,-51.62680755215234
2.691534803926885,-51.6268600957007
2.754228703338135,-51.62691057216183
2.818382931264422,-51.62695905072254
2.884031503126573,-51.62700559930336
2.951209226666352,-51.62705028445444
3.019951720401981,-51.62709317127074
3.090295432513555,-51.6271343233944
3.162277660168343,-51.62717380295148
3.235936569296245,-51.6272116705187
3.311311214825872,-51.62724798510297
3.388441561391986,-51.62728280416127
3.467368504525275,-51.62731618350112
3.548133892335712,-51.62734817739362
3.63078054770097,-51.62737883847228
3.715352290971681,-51.62740821781448
3.801893963205566,-51.62743636489835
3.890451449942759,-51.6274633276668
3.981071705534924,-51.62748915250766
4.073802778041077,-51.62751388428462
4.168693834703303,-51.62753756636049
4.265795188015875,-51.62756024064659
4.365158322401607,-51.62758194759117
4.466835921509577,-51.62760272623252
4.570881896148695,-51.62762261423286
4.677351412871925,-51.62764164789607
4.786300923226324,-51.62765986222409
4.897788193684401,-51.62767729090456
5.011872336272661,-51.62769396639732
5.128613839913585,-51.62770991994765
5.248074602497661,-51.6277251816036
5.37031796370246,-51.62773978028353
5.495408738576177,-51.62775374378357
5.62341325190342,-51.62776709882376
5.754399373371497,-51.62777987108429
5.888436553555815,-51.6277920852287
6.025595860743501,-51.62780376494999
6.165950018614743,-51.62781493299647
6.309573444801852,-51.62782561119933
6.456542290346472,-51.62783582052392
6.606934480075875,-51.62784558106384
6.76082975391973,-51.6278549121179
6.918309709189275,-51.62786383218089
7.079457843841287,-51.62787235899114
7.244359600749807,-51.62788050955528
7.413102413009079,-51.62788830017437
7.585775750291739,-51.62789574647149
7.762471166286816,-51.6279028634189
7.943282347242711,-51.62790966535877
8.128305161640887,-51.62791616603491
8.317637711026601,-51.62792237860437
8.511380382023653,-51.62792831567356
8.709635899560691,-51.62793398930997
8.912509381337337,-51.62793941107434
9.120108393558976,-51.62794459202779
9.332543007969786,-51.62794954276024
9.549925860214232,-51.62795427341233
9.772372209557977,-51.6279587936824
9.999999999999867,-51.62796311286034
10.2329299228074,-51.62796723982553
10.47128548050885,-51.62797118308337
10.71519305237592,-51.62797495076231
10.9647819614317,-51.62797855064821
11.22018454301948,-51.62798199018478
11.48153621496867,-51.62798527648954
11.74897554939514,-51.62798841637305
12.02264434617397,-51.62799141635234
12.30268770812365,-51.62799428265387
12.5892541179415,-51.62799702123845
12.88249551693117,-51.62799963780387
13.18256738556389,-51.62800213779649
13.48962882591635,-51.62800452642849
13.80384264602866,-51.62800680868202
14.12537544622735,-51.6280089893214
14.45439770745908,-51.62801107290068
14.79108388168187,-51.62801306377659
15.13561248436188,-51.6280149661121
15.4881661891246,-51.62801678389141
15.84893192461092,-51.62801852096787
16.21810097358908,-51.62802018083438
16.59586907437538,-51.62802176712067
16.98243652461721,-51.62802328310502
17.37800828749351,-51.62802473196705
17.78279410038898,-51.62802611675012
18.19700858609959,-51.62802744036601
18.62087136662842,-51.62802870559438
19.05460717963221,-51.62802991509604
19.49844599758018,-51.6280310714143
19.95262314968852,-51.62803217698329
20.41737944669501,-51.62803323413371
20.8929613085401,-51.62803424508486
21.37962089502202,-51.62803521197085
21.87761623949522,-51.62803613682874
22.38721138568308,-51.62803702160583
22.90867652767741,-51.62803786816978
23.44228815319889,-51.62803867833027
23.98832919019457,-51.62803945372389
24.54708915684996,-51.62804019605736
25.11886431509545,-51.62804090687398
25.70395782768827,-51.62804158767677
26.30267991895345,-51.62804223990169
26.91534803926877,-51.6280428649256
27.54228703338127,-51.62804346407118
28.18382931264414,-51.62804403860193
28.84031503126565,-51.62804458973228
29.51209226666343,-51.62804511862775
30.19951720401973,-51.62804562640984
30.90295432513546,-51.62804611414575
31.62277660168334,-51.62804658287006
32.35936569296236,-51.6280470335775
33.11311214825863,-51.62804746721505
33.88441561391976,-51.62804788470496
34.67368504525266,-51.62804828693957
35.48133892335703,-51.62804867473849
36.3078054770096,-51.6280490489543
37.15352290971671,-51.62804941036914
38.01893963205556,-51.62804975974665
38.90451449942748,-51.62805009782819
39.81071705534914,-51.62805042532715
40.73802778041067,-51.62805074294953
41.68693834703292,-51.62805105134037
42.65795188015863,-51.62805135117813
43.65158322401594,-51.62805164308867
44.66835921509564,-51.62805192769206
45.70881896148681,-51.62805220559729
46.77351412871911,-51.62805247737175
47.86300923226311,-51.62805274361516
48.97788193684388,-51.62805300488087
50.11872336272647,-51.62805326172404
51.28613839913571,-51.62805351469076
52.48074602497646,-51.6280537643155
53.70317963702445,-51.62805401112578
54.95408738576162,-51.62805425564964
56.23413251903405,-51.62805449840047
57.54399373371481,-51.62805473989462
58.884365535558,-51.6280549806448
60.25595860743485,-51.62805522116145
61.65950018614727,-51.62805546195858
63.09573444801836,-51.62805570353682
64.56542290346455,-51.62805594641115
66.06934480075857,-51.62805619110117
67.60829753919712,-51.62805643812949
69.18309709189256,-51.62805668800579
70.79457843841267,-51.6280569412724
72.44359600749786,-51.62805719846204
74.13102413009058,-51.62805746012001
75.85775750291718,-51.62805772680292
77.62471166286795,-51.62805799907632
79.4328234724269,-51.62805827751355
81.28305161640864,-51.62805856271348
83.17637711026579,-51.6280588552688
85.1138038202363,-51.62805915580894
87.09635899560668,-51.62805946497017
89.12509381337313,-51.62805978340985
91.20108393558951,-51.62806011179681
93.3254300796976,-51.62806045083403
95.49925860214205,-51.62806080123875
97.72372209557949,-51.62806116374913
99.99999999999838,-51.62806153914148
102.3292992280738,-51.62806192820811
104.7128548050883,-51.62806233177831
107.1519305237589,-51.62806275070263
109.6478196143167,-51.62806318587027
112.2018454301945,-51.62806363820784
114.8153621496864,-51.62806410867131
117.489755493951,-51.62806459826159
120.2264434617393,-51.62806510801688
123.0268770812361,-51.62806563901592
125.8925411794146,-51.62806619238655
128.8249551693113,-51.62806676930324
131.8256738556385,-51.62806737098727
134.8962882591631,-51.62806799871552
138.0384264602862,-51.62806865382105
141.253754462273,-51.62806933769171
144.5439770745903,-51.62807005178116
147.9108388168182,-51.62807079760074
151.3561248436182,-51.62807157673395
154.8816618912455,-51.62807239083332
158.4893192461086,-51.62807324162309
162.1810097358902,-51.62807413091177
165.9586907437532,-51.62807506058393
169.8243652461715,-51.62807603261217
173.7800828749346,-51.62807704905406
177.8279410038892,-51.62807811207279
181.9700858609952,-51.6280792239176
186.2087136662836,-51.62808038694959
190.5460717963215,-51.62808160363345
194.9844599758012,-51.62808287655088
199.5262314968845,-51.62808420840088
204.1737944669494,-51.62808560201236
208.9296130854003,-51.62808706033879
213.7962089502195,-51.62808858646951
218.7761623949515,-51.6280901836445
223.8721138568301,-51.62809185525516
229.0867652767733,-51.62809360484164
234.4228815319881,-51.62809543611712
239.8832919019449,-51.62809735296641
245.4708915684987,-51.62809935945661
251.1886431509536,-51.62810145983766
257.0395782768819,-51.62810365856987
263.0267991895336,-51.62810596031577
269.1534803926868,-51.62810836995629
275.4228703338118,-51.62811089260288
281.8382931264404,-51.62811353360819
288.4031503126554,-51.62811629856936
295.1209226666333,-51.62811919335559
301.9951720401962,-51.62812222410182
309.0295432513535,-51.62812539723952
316.2277660168323,-51.62812871949748
323.5936569296225,-51.62813219792336
331.1311214825851,-51.62813583989507
338.8441561391964,-51.62813965313507
346.7368504525253,-51.6281436457321
354.813389233569,-51.62814782615372
363.0780547700948,-51.62815220326821
371.5352290971658,-51.62815678635695
380.1893963205542,-51.62816158513874
389.0451449942735,-51.62816660979485
398.1071705534899,-51.62817187098214
407.3802778041052,-51.628177379855
416.8693834703277,-51.62818314809952
426.5795188015848,-51.62818918794947
436.5158322401579,-51.62819551221495
446.6835921509548,-51.62820213430481
457.0881896148666,-51.62820906826718
467.7351412871895,-51.62821632880737
478.6300923226294,-51.62822393132009
489.778819368437,-51.62823189193147
501.1872336272629,-51.62824022752276
512.8613839913553,-51.62824895577137
524.8074602497628,-51.62825809518683
537.0317963702427,-51.62826766515226
549.5408738576142,-51.62827768596027
562.3413251903385,-51.62828817886314
575.439937337146,-51.62829916611108
588.8436553555778,-51.62831067100284
602.5595860743463,-51.62832271793697
616.5950018614705,-51.62833533245958
630.9573444801813,-51.62834854131732
645.6542290346432,-51.62836237252002
660.6934480075834,-51.62837685539746
676.0829753919688,-51.62839202065743
691.8309709189232,-51.62840790045724
707.9457843841243,-51.62842452846802
724.4359600749762,-51.62844193994393
741.3102413009033,-51.628460171803
758.5775750291692,-51.62847926269927
776.2471166286768,-51.62849925311133
794.3282347242663,-51.62852018542061
812.8305161640836,-51.62854210400511
831.763771102655,-51.62856505533114
851.1380382023601,-51.62858908805707
870.9635899560639,-51.62861425313005
891.2509381337284,-51.6286406038993
912.0108393558921,-51.62866819621858
933.254300796973,-51.62869708858138
954.9925860214174,-51.62872734222592
977.2372209557917,-51.6287590212811
999.9999999999806,-51.62879219289289
1023.292992280734,-51.62882692736346
1047.128548050879,-51.62886329831327
1071.519305237586,-51.62890138282067
1096.478196143164,-51.62894126159695
1122.018454301942,-51.62898301914801
1148.15362149686,-51.62902674396089
1174.897554939507,-51.62907252868773
1202.264434617389,-51.62912047033551
1230.268770812357,-51.62917067048171
1258.925411794143,-51.62922323547882
1288.249551693109,-51.62927827668953
1318.256738556381,-51.62933591070713
1348.962882591627,-51.62939625961603
1380.384264602858,-51.62945945123972
1412.537544622727,-51.62952561941908
1445.439770745899,-51.62959490428497
1479.108388168178,-51.62966745255672
1513.561248436178,-51.62974341785456
1548.816618912451,-51.62982296102325
1584.893192461082,-51.62990625046832
1621.810097358898,-51.62999346250321
1659.586907437528,-51.63008478173906
1698.24365246171,-51.63018040145591
1737.800828749341,-51.63028052402123
1778.279410038887,-51.63038536129916
1819.700858609947,-51.63049513511177
1862.08713666283,-51.63061007770325
1905.460717963209,-51.63073043221758
1949.844599758006,-51.63085645321363
1995.262314968839,-51.63098840720129
2041.737944669488,-51.63112657320156
2089.296130853997,-51.63127124332053
2137.962089502189,-51.63142272337532
2187.761623949508,-51.63158133352178
2238.721138568294,-51.63174740893013
2290.867652767726,-51.63192130048699
2344.228815319874,-51.63210337551561
2398.832919019441,-51.63229401856326
2454.70891568498,-51.63249363218171
2511.886431509528,-51.63270263778188
2570.395782768811,-51.63292147649615
2630.267991895328,-51.63315061010675
2691.53480392686,-51.63339052200431
2754.228703338109,-51.63364171818417
2818.382931264395,-51.63390472830266
2884.031503126546,-51.63418010676327
2951.209226666324,-51.63446843388102
3019.951720401953,-51.63477031706263
3090.295432513526,-51.63508639206776
3162.277660168313,-51.63541732432471
3235.936569296214,-51.63576381028969
3311.311214825841,-51.63612657888518
3388.441561391954,-51.63650639298876
3467.368504525243,-51.63690405100131
3548.133892335679,-51.637320388478
3630.780547700936,-51.63775627983465
3715.352290971647,-51.63821264012605
3801.893963205531,-51.63869042691006
3890.451449942723,-51.63919064219264
3981.071705534888,-51.6397143344529
4073.80277804104,-51.64026260076195
4168.693834703265,-51.64083658900253
4265.795188015835,-51.64143750016716
4365.158322401566,-51.64206659077114
4466.835921509535,-51.6427251753754
4570.881896148652,-51.64341462918937
4677.351412871882,-51.64413639082917
4786.30092322628,-51.64489196515316
4897.788193684356,-51.6456829262443
5011.872336272614,-51.64651092051308
5128.613839913537,-51.6473776699175
5248.074602497612,-51.648284975347
5370.31796370241,-51.64923472011267
5495.408738576126,-51.65022887361609
5623.413251903368,-51.65126949514022
5754.399373371444,-51.65235873781405
5888.436553555762,-51.65349885272742
6025.595860743447,-51.65469219322271
6165.950018614688,-51.65594121934608
6309.573444801796,-51.65724850247869
6456.542290346415,-51.65861673014434
6606.934480075816,-51.66004871102349
6760.82975391967,-51.66154738012739
6918.309709189213,-51.66311580419585
7079.457843841224,-51.66475718728108
7244.359600749742,-51.6664748765431
7413.102413009013,-51.6682723682508
7585.775750291671,-51.67015331400677
7762.471166286747,-51.6721215271876
7943.28234724264,-51.67418098959455
8128.305161640813,-51.67633585834784
8317.637711026526,-51.67859047300355
8511.380382023575,-51.6809493628953
8709.635899560612,-51.68341725471046
8912.509381337255,-51.6859990803114
9120.108393558892,-51.68869998477278
9332.5430079697,-51.69152533466624
9549.925860214144,-51.69448072655982
9772.372209557885,-51.69757199578321
9999.999999999773,-51.7008052253565
10232.92992280731,-51.70418675520477
10471.28548050876,-51.70772319153724
10715.19305237582,-51.711421416455
10964.7819614316,-51.71528859774524
11220.18454301938,-51.71933219886354
11481.53621496856,-51.72355998907688
11748.97554939503,-51.72798005375927
12022.64434617385,-51.73260080482888
12302.68770812353,-51.73743099128463
12589.25411794138,-51.7424797098389
12882.49551693104,-51.74775641559815
13182.56738556377,-51.75327093279169
13489.62882591622,-51.75903346545353
13803.84264602853,-51.76505460810397
14125.37544622722,-51.77134535631658
14454.39770745894,-51.77791711714917
14791.08388168173,-51.78478171939055
15135.61248436173,-51.79195142358007
15488.16618912445,-51.79943893168574
15848.93192461077,-51.80725739644787
16218.10097358892,-51.8154204302536
16595.86907437522,-51.82394211350315
16982.43652461705,-51.83283700235776
17378.00828749335,-51.84212013581023
17782.79410038881,-51.85180704195189
18197.00858609941,-51.86191374335027
18620.87136662824,-51.87245676142952
19054.60717963202,-51.88345311974389
19498.44599757999,-51.89492034601361
19952.62314968833,-51.90687647280676
20417.37944669481,-51.91934003673472
20892.9613085399,-51.9323300760462
21379.62089502182,-51.94586612643239
21877.61623949501,-51.95996821496468
22387.21138568287,-51.97465685195944
22908.67652767719,-51.98995302069222
23442.28815319866,-52.00587816472971
23988.32919019433,-52.02245417280626
24547.08915684972,-52.03970336107348
25118.8643150952,-52.05764845255939
25703.95782768802,-52.07631255374656
26302.67991895319,-52.09571912808732
26915.34803926851,-52.11589196640166
27542.287033381,-52.13685515396059
28183.82931264386,-52.15863303425955
28840.31503126536,-52.18125016931659
29512.09226666314,-52.20473129646989
30199.51720401943,-52.22910128165643
30902.95432513516,-52.25438506909241
31622.77660168303,-52.28060762743198
32359.36569296204,-52.3077938923695
33113.11214825831,-52.33596870581461
33884.41561391944,-52.36515675169892
34673.68504525233,-52.39538248854178
35481.33892335669,-52.42667007897139
36307.80547700926,-52.45904331638036
37153.52290971635,-52.4925255489503
38018.9396320552,-52.52713960134987
38904.51449942712,-52.56290769437993
39810.71705534876,-52.59985136294343
40738.02778041028,-52.637991372706
41686.93834703253,-52.67734763586239
42657.95188015823,-52.71793912642431
43651.58322401554,-52.75978379553024
44668.35921509522,-52.802898487199
45708.81896148639,-52.8472988550544
46773.51412871868,-52.89299928049718
47863.00923226267,-52.94001279279493
48977.88193684342,-52.98835099159761
50118.723362726,-53.03802397230303
51286.13839913523,-53.08904025474082
52480.74602497597,-53.14140671551655
53703.17963702395,-53.19512852443361
54954.08738576109,-53.25020908523
56234.13251903351,-53.3066499809072
57543.99373371426,-53.36445092382199
58884.36553555743,-53.4236097106249
60255.95860743427,-53.48412218209965
61659.50018614668,-53.54598218783883
63095.73444801775,-53.60918155561532
64565.42290346394,-53.67371006527495
66069.34480075794,-53.73955542682255
67608.29753919647,-53.80670326237332
69183.0970918919,-53.87513709151417
70794.57843841201,-53.94483831963439
72443.59600749718,-54.01578622862356
74131.02413008988,-54.08795796942096
75857.75750291646,-54.16132855578265
77624.71166286721,-54.23587085864995
79432.82347242614,-54.31155560052426
81283.05161640787,-54.38835134922954
83176.37711026499,-54.466224510513
85113.80382023548,-54.54513931893832
87096.35899560584,-54.62505782666944
89125.09381337228,-54.70593988968812
91201.08393558864,-54.78774315124242
93325.43007969671,-54.87042302225334
95499.25860214114,-54.95393265869077
97723.72209557856,-55.03822293590243
99999.99999999742,-55.12324242011466
102329.2992280728,-55.20893733740689
104712.8548050872,-55.29525154061184
107151.9305237579,-55.3821264747478
109647.8196143157,-55.46950114168979
112201.8454301934,-55.55731206496355
114815.3621496853,-55.64549325565305
117489.7554939499,-55.73397618049829
120226.4434617382,-55.82268973344466
123026.877081235,-55.91156021191295
125892.5411794134,-56.00051129918805
128824.95516931,-56.08946405436854
131825.6738556373,-56.17833691134491
134896.2882591618,-56.26704568830456
138038.4264602849,-56.35550360923911
141253.7544622717,-56.44362133888474
144543.977074589,-56.53130703247004
147910.8388168169,-56.61846640154772
151356.1248436169,-56.70500279703376
154881.6618912441,-56.79081731045925
158489.3192461072,-56.8758088942048
162181.0097358887,-56.95987450129909
165958.6907437517,-57.04290924510761
169824.36524617,-57.12480657896698
173780.082874933,-57.20545849551918
177827.9410038876,-57.28475574522972
181970.0858609935,-57.36258807320989
186208.7136662818,-57.43884447319444
190546.0717963197,-57.51341345718799
194984.4599757993,-57.58618333900189
199526.2314968827,-57.65704252962405
204173.7944669475,-57.72587984212695
208929.6130853984,-57.79258480359395
213796.2089502175,-57.85704797138065
218776.1623949494,-57.91916125091538
223872.113856828,-57.9788182121725
229086.7652767712,-58.03591440194836
234422.881531986,-58.09034764912723
239883.2919019427,-58.14201836022319
245470.8915684965,-58.19082980266365
251188.6431509513,-58.23668837349386
257039.5782768795,-58.27950385143491
263026.7991895311,-58.31918963054002
269153.4803926843,-58.3556629340184
275422.8703338092,-58.38884500712194
281838.2931264378,-58.41866128836821
288403.1503126528,-58.44504155870112
295120.9226666306,-58.46792006852768
301995.1720401935,-58.48723564288251
309029.5432513507,-58.50293176524688
316227.7660168294,-58.51495664079727
323593.6569296195,-58.52326324004561
331131.1214825821,-58.52780932400278
338844.1561391933,-58.52855745209486
346736.8504525222,-58.52547497413
354813.3892335658,-58.51853400763695
363078.0547700915,-58.50771140187742
371535.2290971624,-58.49298868978735
380189.3963205508,-58.47435202902929
389045.14499427,-58.45179213323061
398107.1705534864,-58.42530419438941
407380.2778041016,-58.3948877972997
416869.383470324,-58.36054682673087
426579.5188015809,-58.32228936799008
436515.832240154,-58.28012760137858
446683.5921509509,-58.23407769097285
457088.1896148625,-58.18415966807467
467735.1412871854,-58.13039730961567
478630.0923226252,-58.0728180117648
489778.8193684327,-58.01145265895259
501187.2336272585,-57.94633548852336
512861.3839913508,-57.87750395123542
524807.4602497582,-57.80499856784207
537031.7963702379,-57.72886278202161
549540.8738576095,-57.64914280996702
562341.3251903336,-57.56588748698171
575439.9373371411,-57.47914811148365
588843.6553555728,-57.38897828686612
602559.5860743412,-57.29543376170577
616595.0018614652,-57.19857226885988
630957.3444801759,-57.09845336402105
645654.2290346377,-56.99513826433824
660693.4480075777,-56.88868968772901
676082.975391963,-56.77917169352281
691830.9709189173,-56.66664952508495
707945.7843841183,-56.55118945505773
724435.9600749699,-56.43285863385617
741310.2413008969,-56.31172494202122
758577.5750291626,-56.1878568470184
776247.11662867,-56.06132326502465
794328.2347242592,-55.93219342821406
812830.5161640764,-55.80053675800183
831763.7711026476,-55.66642274466064
851138.0382023526,-55.52992083367048
870963.5899560562,-55.391100319107
891250.9381337205,-55.25003024432142
912010.8393558841,-55.10677931010789
933254.3007969648,-54.96141579049798
954992.586021409,-54.8140074562715
977237.2209557832,-54.66462150621616
999999.9999999718,-54.51332450612157
1023292.992280725,-54.36018233544434
1047128.54805087,-54.20526014153459
1071519.305237576,-54.04862230127416
1096478.196143154,-53.89033238993618
1122018.454301932,-53.73045315703997
1148153.62149685,-53.56904650894359
1174897.554939496,-53.40617349788494
1202264.434617379,-53.24189431715796
1230268.770812347,-53.07626830208608
1258925.411794131,-52.90935393643483
1288249.551693097,-52.74120886388942
1318256.738556369,-52.57188990420743
1348962.882591615,-52.40145307364749
1380384.264602845,-52.22995360926304
1412537.544622714,-52.05744599664917
1445439.770745886,-51.88398400072235
1479108.388168165,-51.70962069911769
1513561.248436165,-51.53440851778708
1548816.618912437,-51.35839926838901
1584893.192461068,-51.1816441870681
1621810.097358883,-51.00419397423353
1659586.907437513,-50.82609883495788
1698243.652461695,-50.64740851963538
1737800.828749325,-50.46817236455549
1778279.410038871,-50.28843933206968
1819700.858609931,-50.10825805005162
1862087.136662814,-49.92767685037637
1905460.717963192,-49.74674380617084
1949844.599757989,-49.56550676761594
1995262.314968822,-49.38401339611046
2041737.94466947,-49.20231119663629
2089296.130853979,-49.0204475481957
2137962.08950217,-48.83846973222055
2187761.623949489,-48.65642495888356
2238721.138568274,-48.47436039127015
2290867.652767706,-48.29232316739542
2344228.815319854,-48.1103604200762
2398832.919019421,-47.92851929468978
2454708.915684959,-47.7468469648704
2511886.431509507,-47.56539064620993
2570395.782768789,-47.38419760804214
2630267.991895305,-47.20331518339773
2691534.803926837,-47.0227907772227
2754228.703338086,-46.84267187295238
2818382.931264371,-46.66300603753115
2884031.503126521,-46.48384092495996
2951209.226666299,-46.30522427844394
3019951.720401927,-46.12720393119807
3090295.432513499,-45.94982780595255
3162277.660168286,-45.77314391317997
3235936.569296187,-45.59720034804581
3311311.214825813,-45.42204528606069
3388441.561391925,-45.24772697738974
3467368.504525214,-45.07429373975058
3548133.892335649,-44.90179394980771
3630780.547700905,-44.73027603294866
3715352.290971614,-44.55978845130578
3801893.963205498,-44.39037968986804
3890451.449942689,-44.22209824051042
3981071.705534853,-44.05499258375428
4073802.778041005,-43.88911116806122
4168693.834703229,-43.72450238645669
4265795.188015798,-43.56121455027588
4365158.322401528,-43.3992958598273
4466835.921509497,-43.23879437177523
4570881.896148613,-43.07975796305477
4677351.412871841,-42.92223429114949
4786300.923226239,-42.76627075058511
4897788.193684314,-42.61191442552001
5011872.336272571,-42.45921203834743
5128613.839913493,-42.30820989426366
5248074.602497566,-42.15895382180049
5370317.963702364,-42.01148910937061
5495408.738576078,-41.86586043792853
5623413.251903319,-41.72211180990831
5754399.373371393,-41.58028647466153
5888436.553555709,-41.44042685068396
6025595.860743392,-41.30257444498544
6165950.018614632,-41.16676977002533
6309573.444801738,-41.03305225870311
6456542.290346356,-40.9014601779576
6606934.480075756,-40.77203054159167
6760829.753919609,-40.64479902299528
6918309.709189151,-40.51979986849251
7079457.843841161,-40.39706581207987
7244359.600749677,-40.2766279923608
7413102.413008946,-40.15851587250285
7585775.750291603,-40.0427571640606
7762471.166286676,-39.92937775550621
7943282.347242568,-39.81840164629911
8128305.161640739,-39.7098508873016
8317637.711026451,-39.60374552830778
8511380.382023498,-39.50010357340258
8709635.899560533,-39.39894094480292
8912509.381337175,-39.30027145575678
9120108.39355881,-39.20410679298814
9332543.007969616,-39.11045650907943
9549925.860214058,-39.01932802507868
9772372.209557798,-38.93072664350601
9999999.999999683,-38.8446555718206
10232929.92280722,-38.76111595629106
10471285.48050866,-38.6801069260941
10715193.05237572,-38.60162564735235
10964781.9614315,-38.52566738670947
11220184.54301928,-38.45222558393527
11481536.21496846,-38.38129193295705
11748975.54939492,-38.31285647062335
12022644.34617374,-38.24690767242967
12302687.70812342,-38.18343255436859
12589254.11794127,-38.12241678001379
12882495.51693092,-38.06384477190675
13182567.38556364,-38.00769982628666
13489628.8259161,-37.95396423019083
13803842.6460284,-37.90261937995054
14125375.44622708,-37.85364590011894
14454397.7074588,-37.80702376188888
14791083.88168159,-37.76273240009289
15135612.48436159,-37.7207508279195
15488166.18912431,-37.68105774853028
15848931.92461062,-37.64363166282179
16218100.97358877,-37.60845097263873
16595869.07437506,-37.57549407881542
16982436.52461689,-37.54473947349233
17378008.28749318,-37.51616582623114
17782794.10038864,-37.48975206352603
18197008.58609923,-37.46547744138477
18620871.36662806,-37.44332161073013
19054607.17963184,-37.42326467544343
19498445.99757981,-37.40528724294673
19952623.14968813,-37.38937046728827
20417379.44669461,-37.37549608476291
20892961.3085397,-37.36364644216282
21379620.89502161,-37.35380451781505
21877616.23949479,-37.34595393561607
22387211.38568265,-37.34007897233108
22908676.52767696,-37.33616455846976
23442288.15319844,-37.33419627309902
23988329.1901941,-37.33416033299295
24547089.15684948,-37.3360435765557
25118864.31509496,-37.33983344298854
25703957.82768777,-37.3455179471975
26302679.91895293,-37.35308565096106
26915348.03926825,-37.36252563089835
27542287.03338074,-37.37382744378735
28183829.31264359,-37.38698108979176
28840315.03126509,-37.40197697415503
29512092.26666286,-37.41880586791594
30199517.20401914,-37.43745886818508
30902954.32513486,-37.45792735850631
31622776.60168273,-37.48020296979744
32359365.69296173,-37.50427754233223
33113112.14825799,-37.5301430891852
33884415.61391911,-37.5577917615111
34673685.04525199,-37.58721581597744
35481338.92335634,-37.61840758460495
36307805.4770089,-37.65135944720582
37153522.90971599,-37.68606380653454
38018939.63205482,-37.72251306619237
38904514.49942673,-37.76069961124518
39810717.05534836,-37.80061579143456
40738027.78040987,-37.84225390678255
41686938.34703211,-37.88560619531
42657951.8801578,-37.93066482251402
43651583.22401509,-37.9774218721803
44668359.21509477,-38.02586933804146
45708818.96148593,-38.0759991157401
46773514.1287182,-38.12780299450908
47863009.23226218,-38.18127264794871
48977881.93684293,-38.23639962326416
50118723.3627255,-38.29317532831415
51286138.39913471,-38.35159101583763
52480746.02497544,-38.41163776424193
53703179.63702341,-38.47330645437961
54954087.38576055,-38.53658774178976
56234132.51903296,-38.60147202394736
57543993.73371369,-38.66794940214434
58884365.53555685,-38.73600963771588
60255958.60743368,-38.80564210242232
61659500.18614607,-38.8768357229105
63095734.44801713,-38.94957891928614
64565422.9034633,-39.02385953794824
66069344.8007573,-39.09966477895127
67608297.53919582,-39.17698111827965
69183097.09189123,-39.25579422552695
70794578.43841131,-39.33608887758128
72443596.00749646,-39.41784886901235
74131024.13008915,-39.50105691994695
75857757.50291571,-39.58569458229053
77624711.66286644,-39.67174214521881
79432823.47242536,-39.75917854091034
81283051.61640707,-39.84798125152526
83176377.11026417,-39.93812621845294
85113803.82023464,-40.02958775485779
87096358.99560499,-40.12233846253754
89125093.81337141,-40.21634915408777
91201083.93558775,-40.31158878132342
93325430.07969581,-40.40802437086057
95499258.60214022,-40.50562096769808
97723722.09557761,-40.60434158756856
99999999.99999645,-40.70414717874819
102329299.2280718,-40.80499659392948
104712854.8050862,-40.90684657266954
107151930.5237568,-41.00965173483441
109647819.6143146,-41.11336458536173
112201845.4301923,-41.2179355305704
114815362.1496842,-41.32331290614986
117489755.4939488,-41.42944301686781
120226443.461737,-41.53627018794736
123026877.0812338,-41.64373682797855
125892541.1794122,-41.75178350314619
128824955.1693088,-41.86034902248369
131825673.855636,-41.96937053378865
134896288.2591605,-42.07878362977667
138038426.4602835,-42.18852246398367
141253754.4622703,-42.29851987588171
144543977.0745876,-42.40870752462091
147910838.8168154,-42.51901603076834
151356124.8436154,-42.62937512537845
154881661.8912425,-42.73971380569458
158489319.2461056,-42.84996049675257
162181009.7358871,-42.96004321813088
165958690.74375,-43.06988975506977
169824365.2461683,-43.17942783316127
173780082.8749312,-43.28858529579439
177827941.0038858,-43.39729028352642
181970085.8609917,-43.50547141453649
186208713.66628,-43.61305796530947
190546071.7963178,-43.71998005068893
194984459.9757974,-43.82616880243469
199526231.4968807,-43.93155654541756
204173794.4669455,-44.03607697058461
208929613.0853963,-44.13966530383775
213796208.9502154,-44.24225846997201
218776162.3949473,-44.34379525084044
223872113.8568258,-44.44421643693045
229086765.276769,-44.54346497156017
234422881.5319836,-44.64148608693998
239883291.9019403,-44.73822743137908
245470891.5684941,-44.83363918696368
251188643.1509488,-44.92767417708707
257039578.276877,-45.02028796326687
263026799.1895286,-45.11143893075466
269153480.3926817,-45.20108836251115
275422870.3338066,-45.28920050119773
281838293.126435,-45.37574259892008
288403150.31265,-45.46068495453957
295120922.6666278,-45.54400093846379
301995172.0401906,-45.62566700491423
309029543.2513477,-45.70566269176109
316227766.0168263,-45.78397060811003
323593656.9296164,-45.86057640990995
331131121.4825789,-45.93546876394448
338844156.1391901,-46.00863930064523
346736850.4525189,-46.08008255624952
354813389.2335624,-46.14979590488994
363078054.770088,-46.21777948127392
371535229.0971588,-46.28403609466047
380189396.3205472,-46.34857113489438
389045144.9942662,-46.41139247129423
398107170.5534825,-46.47251034521769
407380277.8040977,-46.53193725715131
416869383.47032,-46.58968784917784
426579518.8015769,-46.64577878367715
436515832.2401498,-46.7002286191085
446683592.1509466,-46.75305768370525
457088189.6148581,-46.80428794788838
467735141.2871808,-46.85394289617662
478630092.3226206,-46.90204739932962
489778819.368428,-46.94862758742319
501187233.6272537,-46.99371072450363
512861383.9913458,-47.03732508542209
524807460.2497531,-47.07949983539354
537031796.3702327,-47.12026491277222
549540873.857604,-47.15965091547824
562341325.190328,-47.19768899145527
575439937.3371353,-47.23441073348275
588843655.3555669,-47.26984807861278
602559586.0743351,-47.3040332124481
616595001.861459,-47.33699847842955
630957344.4801695,-47.36877629225037
645654229.0346313,-47.39939906147413
660693448.0075711,-47.42889911038787
676082975.3919562,-47.45730861008575
691830970.9189103,-47.48465951374435
707945784.384111,-47.510983497018
724435960.0749625,-47.53631190345597
741310241.3008893,-47.56067569481896
758577575.0291548,-47.58410540615116
776247116.628662,-47.60663110544661
794328234.724251,-47.6282823577348
812830516.164068,-47.64908819339674
831763771.102639,-47.66907708051565
851138038.2023437,-47.68827690105836
870963589.9560471,-47.70671493068082
891250938.1337111,-47.72441782194595
912010839.3558745,-47.74141159074426
933254300.796955,-47.75772160570772
954992586.021399,-47.77337258040826
977237220.9557729,-47.78838856813978
1000000000,-47.80279295908272
