phaseDegUnwrapped((v("/net8" ?result "ac") - v("/net7" ?result "ac"))) X,phaseDegUnwrapped((v("/net8" ?result "ac") - v("/net7" ?result "ac"))) Y
0.001,-0.2360696741405819
0.001023292992280754,-0.2415683788177138
0.0010471285480509,-0.2471951601646876
0.001071519305237606,-0.2529530011539032
0.001096478196143185,-0.25884495420833
0.001122018454301963,-0.2648741428026894
0.001148153621496882,-0.271043763167152
0.001174897554939529,-0.2773570859533183
0.001202264434617413,-0.283817457920559
0.001230268770812381,-0.2904283038255125
0.001258925411794167,-0.2971931281175674
0.001288249551693133,-0.3041155168259258
0.001318256738556406,-0.3111991394615908
0.001348962882591653,-0.3184477510371585
0.001380384264602884,-0.3258651939123616
0.001412537544622754,-0.3334553999127097
0.001445439770745927,-0.3412223924053649
0.001479108388168207,-0.3491702884163219
0.001513561248436207,-0.3573033007700256
0.00154881661891248,-0.3656257404420239
0.001584893192461112,-0.37414201864391
0.001621810097358929,-0.3828566493456216
0.001659586907437559,-0.3917742515193319
0.001698243652461743,-0.4008995516728501
0.001737800828749374,-0.4102373863369185
0.001778279410038921,-0.4197927045120949
0.001819700858609981,-0.4295705704931554
0.001862087136662865,-0.4395761663258521
0.001905460717963245,-0.4498147946355353
0.001949844599758043,-0.4602918815000378
0.001995262314968877,-0.4710129792143491
0.002041737944669526,-0.4819837692004417
0.002089296130854036,-0.4932100651475124
0.002137962089502229,-0.5046978158849906
0.002187761623949549,-0.5164531087087628
0.002238721138568336,-0.5284821724427207
0.002290867652767769,-0.5407913808392606
0.002344228815319918,-0.5533872558374522
0.002398832919019486,-0.5662764710638728
0.002454708915685026,-0.5794658553602337
0.002511886431509576,-0.5929623962780632
0.002570395782768859,-0.6067732438985955
0.002630267991895377,-0.6209057144611593
0.00269153480392691,-0.6353672943276761
0.002754228703338161,-0.6501656438336817
0.002818382931264448,-0.6653086013813752
0.0028840315031266,-0.6808041874537589
0.00295120922666638,-0.696660609015446
0.00301995172040201,-0.7128862635704436
0.003090295432513584,-0.729489743758713
0.003162277660168373,-0.7464798418300291
0.003235936569296276,-0.7638655542150984
0.003311311214825904,-0.78165608619572
0.003388441561392018,-0.7998608568028476
0.003467368504525309,-0.8184895038205749
0.003548133892335747,-0.8375518885714734
0.003630780547701005,-0.8570581013240467
0.003715352290971717,-0.8770184663882543
0.003801893963205603,-0.8974435476846854
0.003890451449942797,-0.9183441540225917
0.003981071705534963,-0.9397313449660406
0.004073802778041117,-0.9616164364520166
0.004168693834703344,-0.9840110066033755
0.004265795188015916,-1.006926902000645
0.004365158322401649,-1.0303762435779
0.00446683592150962,-1.054371433083494
0.004570881896148739,-1.078925159399952
0.004677351412871971,-1.104050405068044
0.004786300923226371,-1.129760453208753
0.00489778819368445,-1.156068894234391
0.00501187233627271,-1.182989632708732
0.005128613839913635,-1.210536894873525
0.005248074602497712,-1.238725235726514
0.005370317963702512,-1.267569546401812
0.00549540873857623,-1.297085062019006
0.005623413251903474,-1.327287369445719
0.005754399373371553,-1.358192415149048
0.005888436553555873,-1.389816513420898
0.00602559586074356,-1.422176354612858
0.006165950018614803,-1.455289013818468
0.006309573444801914,-1.489171959183015
0.006456542290346536,-1.52384306109708
0.00660693448007594,-1.559320600935816
0.006760829753919797,-1.595623280675624
0.006918309709189343,-1.63277023154637
0.007079457843841356,-1.67078102465603
0.007244359600749877,-1.709675679663314
0.007413102413009151,-1.749474675679287
0.007585775750291813,-1.790198960983613
0.007762471166286891,-1.831869963391078
0.007943282347242788,-1.874509600985186
0.008128305161640965,-1.91814029284138
0.008317637711026681,-1.962784969982028
0.008511380382023735,-2.008467086640637
0.008709635899560775,-2.055210631672213
0.008912509381337422,-2.103040140062882
0.009120108393559064,-2.151980704901475
0.009332543007969875,-2.202057989117407
0.009549925860214322,-2.253298238541429
0.009772372209558068,-2.305728292974603
0.00999999999999996,-2.35937560018446
0.0102329299228075,-2.414268228429307
0.01047128548050895,-2.470434878964397
0.01071519305237602,-2.527904900145214
0.01096478196143181,-2.586708300621199
0.01122018454301959,-2.646875762686832
0.01148153621496878,-2.708438657121091
0.01174897554939525,-2.77142905630338
0.01202264434617408,-2.835879749129842
0.01230268770812376,-2.901824255387885
0.01258925411794162,-2.96929684076659
0.01288249551693128,-3.038332530857086
0.01318256738556401,-3.108967127063532
0.01348962882591648,-3.181237221568295
0.01380384264602879,-3.255180212643788
0.01412537544622748,-3.330834319807034
0.01445439770745921,-3.408238600318301
0.01479108388168201,-3.487432964077944
0.01513561248436201,-3.568458189887653
0.01548816618912474,-3.651355941409188
0.01584893192461106,-3.736168783064313
0.01621810097358923,-3.822940195970476
0.01659586907437553,-3.911714594854574
0.01698243652461736,-4.002537342623349
0.01737800828749367,-4.095454768665262
0.01778279410038914,-4.190514182481011
0.01819700858609975,-4.2877638914995
0.01862087136662858,-4.387253216506051
0.01905460717963238,-4.489032506548599
0.01949844599758035,-4.593153155652314
0.01995262314968869,-4.699667617580889
0.02041737944669519,-4.808629421690116
0.02089296130854029,-4.920093186159294
0.02137962089502221,-5.034114633830246
0.02187761623949541,-5.150750605935538
0.02238721138568328,-5.270059075959757
0.02290867652767761,-5.392099161398673
0.0234422881531991,-5.516931138032803
0.02398832919019478,-5.644616450221704
0.02454708915685017,-5.775217722467821
0.02511886431509567,-5.90879876981178
0.0257039578276885,-6.045424607015855
0.02630267991895368,-6.185161455958782
0.02691534803926901,-6.328076754898362
0.02754228703338151,-6.474239161020853
0.02818382931264438,-6.623718559180814
0.0288403150312659,-6.776586060865989
0.02951209226666369,-6.932914008505169
0.03019951720401999,-7.092775974097605
0.03090295432513573,-7.256246757447459
0.03162277660168361,-7.423402381631002
0.03235936569296264,-7.594320087666931
0.03311311214825892,-7.76907832383119
0.03388441561392006,-7.947756735881843
0.03467368504525296,-8.130436152898589
0.03548133892335734,-8.317198569852362
0.03630780547700992,-8.508127126938392
0.03715352290971704,-8.703306088166654
0.0380189396320559,-8.902820809951342
0.03890451449942783,-9.106757714730021
0.03981071705534948,-9.315204252189154
0.04073802778041102,-9.528248860374971
0.04168693834703328,-9.745980922889432
0.042657951880159,-9.968490716638128
0.04365158322401633,-10.19586936005788
0.04466835921509604,-10.42820874927095
0.04570881896148722,-10.66560149499652
0.04677351412871953,-10.90814084740109
0.04786300923226354,-11.15592061896568
0.04897788193684432,-11.40903509652242
0.05011872336272692,-11.66757894731194
0.05128613839913617,-11.93164711850899
0.05248074602497694,-12.20133472918964
0.05370317963702494,-12.47673694824327
0.05495408738576212,-12.75794887161942
0.05623413251903456,-13.04506538287192
0.05754399373371533,-13.33818101071216
0.05888436553555853,-13.63738977029607
0.0602559586074354,-13.94278500043426
0.06165950018614783,-14.25445918427865
0.06309573444801893,-14.5725037623956
0.06456542290346515,-14.89700893466589
0.06606934480075918,-15.22806344998044
0.06760829753919775,-15.56575438417901
0.06918309709189321,-15.9101669036371
0.07079457843841334,-16.26138402272682
0.07244359600749854,-16.61948634369428
0.07413102413009127,-16.98455178464772
0.07585775750291789,-17.35665530122735
0.07762471166286866,-17.73586858436028
0.07943282347242762,-18.12225976139928
0.08128305161640939,-18.51589307222325
0.08317637711026656,-18.91682854337333
0.08511380382023709,-19.32512164109945
0.08709635899560748,-19.74082293024448
0.08912509381337395,-20.16397770442842
0.09120108393559036,-20.59462562456931
0.09332543007969847,-21.03280033907425
0.09549925860214295,-21.4785291003068
0.0977237220955804,-21.93183237899684
0.09999999999999931,-22.39272347271778
0.1023292992280747,-22.86120810723878
0.1047128548050892,-23.33728405074975
0.1071519305237599,-23.82094071526206
0.1096478196143177,-24.31215876880867
0.1122018454301956,-24.81090975769826
0.1148153621496875,-25.31715572602814
0.1174897554939521,-25.83084885885878
0.1202264434617404,-26.35193113218294
0.1230268770812373,-26.88033397710421
0.1258925411794158,-27.4159779750393
0.1288249551693125,-27.95877256127155
0.1318256738556398,-28.50861576576995
0.1348962882591644,-29.0653939791782
0.1380384264602875,-29.62898175024645
0.1412537544622744,-30.19924161646365
0.1445439770745917,-30.77602398326713
0.1479108388168197,-31.35916703087168
0.1513561248436197,-31.94849667455512
0.154881661891247,-32.54382657213374
0.1584893192461102,-33.14495817733929
0.1621810097358918,-33.75168084100606
0.1659586907437549,-34.36377198244835
0.1698243652461732,-34.98099729169823
0.1737800828749363,-35.60311100538847
0.177827941003891,-36.22985623674514
0.181970085860997,-36.86096535777364
0.1862087136662854,-37.49616043947244
0.1905460717963233,-38.13515374936144
0.1949844599758031,-38.77764830210366
0.1995262314968865,-39.42333846677605
0.2041737944669514,-40.07191061955604
0.2089296130854024,-40.72304384325926
0.2137962089502216,-41.37641067785
0.2187761623949536,-42.03167790358768
0.2238721138568323,-42.68850736339741
0.2290867652767756,-43.34655681371954
0.2344228815319904,-44.00548080628943
0.2398832919019472,-44.66493158585712
0.2454708915685012,-45.32456000422913
0.2511886431509561,-45.98401644228175
0.2570395782768844,-46.642951733
0.2630267991895361,-47.30101809624523
0.2691534803926895,-47.95787003684505
0.2754228703338145,-48.61316525527193
0.2818382931264432,-49.26656552178891
0.2884031503126583,-49.91773752788107
0.2951209226666363,-50.56635371627448
0.3019951720401993,-51.21209305978206
0.3090295432513566,-51.8546418126333
0.3162277660168354,-52.49369420748348
0.3235936569296257,-53.12895311791073
0.3311311214825885,-53.76013065978254
0.3388441561391999,-54.38694874106438
0.3467368504525289,-55.00913956579789
0.3548133892335726,-55.62644606876284
0.3630780547700985,-56.23862230975229
0.3715352290971696,-56.84543379285957
0.3801893963205581,-57.44665774466438
0.3890451449942774,-58.04208332599952
0.398107170553494,-58.63151179480881
0.4073802778041094,-59.21475661271577
0.416869383470332,-59.79164349821813
0.4265795188015891,-60.36201043707389
0.4365158322401623,-60.92570763716296
0.4466835921509594,-61.48259744601501
0.4570881896148712,-62.03255421733698
0.4677351412871942,-62.57546415516751
0.4786300923226343,-63.11122510627895
0.489778819368442,-63.63974632675951
0.5011872336272679,-64.16094821783864
0.5128613839913604,-64.67476204249689
0.524807460249768,-65.18112961065896
0.537031796370248,-65.68000294522844
0.5495408738576197,-66.1713439382651
0.5623413251903442,-66.65512398434934
0.5754399373371519,-67.1313236114778
0.5888436553555838,-67.59993209618544
0.6025595860743524,-68.06094707208136
0.6165950018614768,-68.51437414659293
0.6309573444801877,-68.96022649614228
0.6456542290346499,-69.39852448132889
0.6606934480075902,-69.829295251175
0.6760829753919758,-70.2525723543647
0.6918309709189304,-70.66839535888988
0.7079457843841317,-71.07680947510724
0.7244359600749837,-71.47786518219056
0.7413102413009109,-71.87161787717886
0.758577575029177,-72.25812751517572
0.7762471166286847,-72.63745827253845
0.7943282347242743,-73.0096782159515
0.8128305161640919,-73.37485898735632
0.8317637711026634,-73.73307549063458
0.8511380382023687,-74.08440560190317
0.8709635899560726,-74.4289298837696
0.8912509381337372,-74.76673131446066
0.9120108393559012,-75.09789503076391
0.9332543007969822,-75.42250808132606
0.9549925860214269,-75.74065919069686
0.9772372209558013,-76.05243854056008
0.9999999999999905,-76.35793755424967
1.023292992280744,-76.65724870094104
1.047128548050889,-76.95046531079706
1.071519305237596,-77.23768138988527
1.096478196143174,-77.51899146261604
1.122018454301952,-77.7944904107807
1.148153621496871,-78.06427332979099
1.174897554939518,-78.32843539093416
1.202264434617401,-78.58707171665256
1.230268770812369,-78.84027726024851
1.258925411794154,-79.0881466976104
1.288249551693121,-79.33077432456182
1.318256738556393,-79.56825396414709
1.34896288259164,-79.80067887893773
1.38038426460287,-80.0281416931749
1.41253754462274,-80.25073431841116
1.445439770745912,-80.46854788821996
1.479108388168192,-80.68167269654906
1.513561248436192,-80.89019814479617
1.548816618912465,-81.09421268971714
1.584893192461097,-81.29380380024828
1.621810097358913,-81.4890579185334
1.659586907437543,-81.68006042262125
1.698243652461726,-81.86689559608141
1.737800828749357,-82.0496466024932
1.778279410038903,-82.22839545803204
1.819700858609964,-82.40322301362799
1.862087136662847,-82.574208938951
1.905460717963226,-82.74143170578539
1.949844599758024,-82.90496857708887
1.995262314968858,-83.06489560051415
2.041737944669507,-83.22128759927399
2.089296130854017,-83.37421816917211
2.137962089502209,-83.52375967674521
2.187761623949529,-83.66998325838615
2.238721138568315,-83.81295882163765
2.290867652767748,-83.95275504952318
2.344228815319896,-84.08943940342131
2.398832919019464,-84.22307812997981
2.454708915685003,-84.35373626798953
2.511886431509552,-84.48147765695111
2.570395782768835,-84.60636494563803
2.630267991895352,-84.72845960248266
2.691534803926885,-84.84782192711872
2.754228703338135,-84.96451106153482
2.818382931264422,-85.07858500284601
2.884031503126573,-85.19010061603848
2.951209226666352,-85.29911364763277
3.019951720401981,-85.4056787403952
3.090295432513555,-85.50984944674357
3.162277660168343,-85.61167824376706
3.235936569296245,-85.7112165489517
3.311311214825872,-85.80851473503334
3.388441561391986,-85.90362214613465
3.467368504525275,-85.99658711203145
3.548133892335712,-86.08745696628128
3.63078054770097,-86.17627806020927
3.715352290971681,-86.26309578055216
3.801893963205566,-86.34795456414778
3.890451449942759,-86.43089791526816
3.981071705534924,-86.51196842075625
4.073802778041077,-86.5912077670127
4.168693834703303,-86.66865675530717
4.265795188015875,-86.74435531812124
4.365158322401607,-86.81834253461311
4.466835921509577,-86.8906566472396
4.570881896148695,-86.96133507628471
4.677351412871925,-87.03041443647429
4.786300923226324,-87.09793055108997
4.897788193684401,-87.16391846840085
5.011872336272661,-87.22841247612726
5.128613839913585,-87.29144611622313
5.248074602497661,-87.35305219977305
5.37031796370246,-87.41326282187565
5.495408738576177,-87.47210937515584
5.62341325190342,-87.5296225645854
5.754399373371497,-87.5858324209223
5.888436553555815,-87.64076831491987
6.025595860743501,-87.69445897062347
6.165950018614743,-87.74693247859348
6.309573444801852,-87.79821630920621
6.456542290346472,-87.84833732539755
6.606934480075875,-87.89732179536533
6.76082975391973,-87.94519540536794
6.918309709189275,-87.99198327145523
7.079457843841287,-88.0377099518081
7.244359600749807,-88.08239945863512
7.413102413009079,-88.12607526964732
7.585775750291739,-88.1687603397492
7.762471166286816,-88.21047711170112
7.943282347242711,-88.25124752778844
8.128305161640887,-88.29109304013068
8.317637711026601,-88.33003462142551
8.511380382023653,-88.3680927753356
8.709635899560691,-88.40528754696251
8.912509381337337,-88.44163853212234
9.120108393558976,-88.47716488781343
9.332543007969786,-88.511885341693
9.549925860214232,-88.54581820114831
9.772372209557977,-88.57898136298222
9.999999999999867,-88.61139232209783
10.2329299228074,-88.64306818041726
10.47128548050885,-88.67402565569992
10.71519305237592,-88.70428109016414
10.9647819614317,-88.73385045811928
11.22018454301948,-88.76274937508971
11.48153621496867,-88.79099310485127
11.74897554939514,-88.81859656813745
12.02264434617397,-88.84557434954344
12.30268770812365,-88.87194070539053
12.5892541179415,-88.89770957115144
12.88249551693117,-88.9228945682104
13.18256738556389,-88.94750901127057
13.48962882591635,-88.97156591521544
13.80384264602866,-88.99507800154302
14.12537544622735,-89.01805770510234
14.45439770745908,-89.04051718075131
14.79108388168187,-89.06246830948643
15.13561248436188,-89.08392270432779
15.4881661891246,-89.10489171684895
15.84893192461092,-89.12538644288284
16.21810097358908,-89.14541772810239
16.59586907437538,-89.16499617402913
16.98243652461721,-89.18413214324814
17.37800828749351,-89.20283576500067
17.78279410038898,-89.22111694044047
18.19700858609959,-89.2389853477472
18.62087136662842,-89.25645044723574
19.05460717963221,-89.27352148631961
19.49844599758018,-89.2902075042893
19.95262314968852,-89.30651733718551
20.41737944669501,-89.32245962215669
20.8929613085401,-89.33804280235525
21.37962089502202,-89.35327513113967
21.87761623949522,-89.36816467635438
22.38721138568308,-89.38271932471555
22.90867652767741,-89.3969467859726
23.44228815319889,-89.41085459676475
23.98832919019457,-89.42445012482813
24.54708915684996,-89.43774057262564
25.11886431509545,-89.45073298132908
25.70395782768827,-89.46343423451987
26.30267991895345,-89.47585106163852
26.91534803926877,-89.48799004172496
27.54228703338127,-89.49985760676621
28.18382931264414,-89.51146004512036
28.84031503126565,-89.52280350489654
29.51209226666343,-89.53389399705397
30.19951720401973,-89.54473739872013
30.90295432513546,-89.55533945619136
31.62277660168334,-89.56570578800763
32.35936569296236,-89.57584188792092
33.11311214825863,-89.58575312777586
33.88441561391976,-89.59544476036554
34.67368504525266,-89.60492192219218
35.48133892335703,-89.61418963618915
36.3078054770096,-89.62325281436217
37.15352290971671,-89.63211626039796
38.01893963205556,-89.64078467219559
38.90451449942748,-89.64926264434472
39.81071705534914,-89.65755467057683
40.73802778041067,-89.6656651461429
41.68693834703292,-89.67359837007309
42.65795188015863,-89.68135854753015
43.65158322401594,-89.68894979199619
44.66835921509564,-89.69637612745397
45.70881896148681,-89.70364149051699
46.77351412871911,-89.71074973250508
47.86300923226311,-89.71770462150293
48.97788193684388,-89.72450984431462
50.11872336272647,-89.73116900845407
51.28613839913571,-89.73768564405442
52.48074602497646,-89.74406320570394
53.70317963702445,-89.75030507428217
54.95408738576162,-89.75641455877877
56.23413251903405,-89.76239489804804
57.54399373371481,-89.76824926245934
58.884365535558,-89.77398075563127
60.25595860743485,-89.77959241609005
61.65950018614727,-89.78508721883107
63.09573444801836,-89.79046807689971
64.56542290346455,-89.79573784300419
66.06934480075857,-89.80089931089198
67.60829753919712,-89.80595521698301
69.18309709189256,-89.81090824170872
70.79457843841267,-89.81576101098902
72.44359600749786,-89.82051609757288
74.13102413009058,-89.82517602246861
75.85775750291718,-89.82974325621993
77.62471166286795,-89.83422022024136
79.4328234724269,-89.83860928810523
81.28305161640864,-89.84291278678606
83.17637711026579,-89.84713299791636
85.1138038202363,-89.85127215892936
87.09635899560668,-89.85533246437024
89.12509381337313,-89.85931606690941
91.20108393558951,-89.86322507860709
93.3254300796976,-89.86706157195826
95.49925860214205,-89.87082758102133
97.72372209557949,-89.87452510247986
99.99999999999838,-89.87815609673498
102.3292992280738,-89.88172248888561
104.7128548050883,-89.88522616981381
107.1519305237589,-89.88866899715435
109.6478196143167,-89.89205279625347
112.2018454301945,-89.8953793612018
114.8153621496864,-89.8986504557177
117.489755493951,-89.90186781412432
120.2264434617393,-89.90503314225423
123.0268770812361,-89.90814811836718
125.8925411794146,-89.91121439401795
128.8249551693113,-89.91423359493994
131.8256738556385,-89.91720732191548
134.8962882591631,-89.92013715162118
138.0384264602862,-89.92302463745267
141.253754462273,-89.92587131036763
144.5439770745903,-89.92867867966967
147.9108388168182,-89.9314482338462
151.3561248436182,-89.93418144131499
154.8816618912455,-89.93687975124674
158.4893192461086,-89.93954459429094
162.1810097358902,-89.94217738336032
165.9586907437532,-89.94477951438043
169.8243652461715,-89.94735236701024
173.7800828749346,-89.94989730539437
177.8279410038892,-89.95241567888347
181.9700858609952,-89.9549088227253
186.2087136662836,-89.9573780588114
190.5460717963215,-89.95982469634897
194.9844599758012,-89.96225003255877
199.5262314968845,-89.96465535338353
204.1737944669494,-89.96704193413784
208.9296130854003,-89.96941104020986
213.7962089502195,-89.97176392772036
218.7761623949515,-89.97410184419216
223.8721138568301,-89.97642602920992
229.0867652767733,-89.97873771507992
234.4228815319881,-89.98103812747807
239.8832919019449,-89.98332848610528
245.4708915684987,-89.98561000533464
251.1886431509536,-89.98788389484943
257.0395782768819,-89.9901513602875
263.0267991895336,-89.99241360388481
269.1534803926868,-89.99467182510431
275.4228703338118,-89.99692722127533
281.8382931264404,-89.99918098823564
288.4031503126554,-90.00143432095588
295.1209226666333,-90.00368841417784
301.9951720401962,-90.00594446304028
309.0295432513535,-90.00820366372666
316.2277660168323,-90.01046721408983
323.5936569296225,-90.01273631428646
331.1311214825851,-90.01501216741448
338.8441561391964,-90.01729598015829
346.7368504525253,-90.01958896341711
354.813389233569,-90.02189233295357
363.0780547700948,-90.0242073100376
371.5352290971658,-90.02653512209091
380.1893963205542,-90.02887700334813
389.0451449942735,-90.03123419549161
398.1071705534899,-90.03360794832834
407.3802778041052,-90.03599952044536
416.8693834703277,-90.03841017987615
426.5795188015848,-90.04084120477492
436.5158322401579,-90.04329388409087
446.6835921509548,-90.04576951825727
457.0881896148666,-90.04826941987434
467.7351412871895,-90.05079491441138
478.6300923226294,-90.05334734090373
489.778819368437,-90.05592805266939
501.1872336272629,-90.05853841802188
512.8613839913553,-90.06117982099225
524.8074602497628,-90.06385366207049
537.0317963702427,-90.0665613589449
549.5408738576142,-90.06930434725211
562.3413251903385,-90.07208408134049
575.439937337146,-90.07490203503777
588.8436553555778,-90.07775970243605
602.5595860743463,-90.0806585986853
616.5950018614705,-90.08360026078834
630.9573444801813,-90.08658624842498
645.6542290346432,-90.08961814477364
660.6934480075834,-90.09269755735265
676.0829753919688,-90.09582611887083
691.8309709189232,-90.09900548809439
707.9457843841243,-90.10223735072472
724.4359600749762,-90.10552342029568
741.3102413009033,-90.10886543907542
758.5775750291692,-90.11226517899624
776.2471166286768,-90.11572444259212
794.3282347242663,-90.1192450639508
812.8305161640836,-90.12282890969075
831.763771102655,-90.12647787994696
851.1380382023601,-90.13019390938022
870.9635899560639,-90.13397896820214
891.2509381337284,-90.13783506321815
912.0108393558921,-90.14176423889353
933.254300796973,-90.14576857843471
954.9925860214174,-90.14985020489378
977.2372209557917,-90.1540112822958
999.9999999999806,-90.15825401678242
1023.292992280734,-90.16258065778321
1047.128548050879,-90.16699349920854
1071.519305237586,-90.17149488066141
1096.478196143164,-90.17608718868108
1122.018454301942,-90.18077285800567
1148.15362149686,-90.18555437286625
1174.897554939507,-90.19043426829393
1202.264434617389,-90.19541513147448
1230.268770812357,-90.20049960311027
1258.925411794143,-90.20569037882467
1288.249551693109,-90.21099021058785
1318.256738556381,-90.21640190817577
1348.962882591627,-90.22192834065594
1380.384264602858,-90.22757243791231
1412.537544622727,-90.2333371921931
1445.439770745899,-90.23922565969703
1479.108388168178,-90.2452409621919
1513.561248436178,-90.25138628866937
1548.816618912451,-90.25766489703182
1584.893192461082,-90.26408011581934
1621.810097358898,-90.27063534597096
1659.586907437528,-90.27733406262642
1698.24365246171,-90.28417981696683
1737.800828749341,-90.29117623809277
1778.279410038887,-90.2983270349477
1819.700858609947,-90.30563599828034
1862.08713666283,-90.31310700265102
1905.460717963209,-90.3207440084834
1949.844599758006,-90.32855106415974
1995.262314968839,-90.33653230816333
2041.737944669488,-90.34469197126877
2089.296130853997,-90.35303437878049
2137.962089502189,-90.36156395282021
2187.761623949508,-90.37028521466722
2238.721138568294,-90.37920278714961
2290.867652767726,-90.38832139708859
2344.228815319874,-90.39764587779855
2398.832919019441,-90.40718117164236
2454.70891568498,-90.41693233264469
2511.886431509528,-90.42690452916311
2570.395782768811,-90.4371030466196
2630.267991895328,-90.44753329029375
2691.53480392686,-90.4582007881789
2754.228703338109,-90.4691111939018
2818.382931264395,-90.48027028970904
2884.031503126546,-90.49168398952069
2951.209226666324,-90.50335834205191
3019.951720401953,-90.51529953400662
3090.295432513526,-90.52751389334249
3162.277660168313,-90.540007892609
3235.936569296214,-90.55278815236289
3311.311214825841,-90.56586144465861
3388.441561391954,-90.57923469661998
3467.368504525243,-90.59291499409062
3548.133892335679,-90.60690958536829
3630.780547700936,-90.62122588502352
3715.352290971647,-90.63587147780399
3801.893963205531,-90.65085412262822
3890.451449942723,-90.66618175666849
3981.071705534888,-90.68186249952731
4073.80277804104,-90.69790465750708
4168.693834703265,-90.71431672797708
4265.795188015835,-90.73110740383919
4365.158322401566,-90.74828557809313
4466.835921509535,-90.76586034850685
4570.881896148652,-90.78384102239013
4677.351412871882,-90.80223712147702
4786.30092322628,-90.8210583869178
4897.788193684356,-90.84031478438324
5011.872336272614,-90.86001650928374
5128.613839913537,-90.88017399210526
5248.074602497612,-90.90079790386538
5370.31796370241,-90.92189916169129
5495.408738576126,-90.94348893452268
5623.413251903368,-90.96557864894189
5754.399373371444,-90.9881799951342
5888.436553555762,-91.01130493298132
6025.595860743447,-91.0349656982892
6165.950018614688,-91.05917480915546
6309.573444801796,-91.08394507247682
6456.542290346415,-91.10928959060114
6606.934480075816,-91.13522176812556
6760.82975391967,-91.16175531884498
6918.309709189213,-91.1889042728525
7079.457843841224,-91.21668298379575
7244.359600749742,-91.24510613629174
7413.102413009013,-91.27418875350294
7585.775750291671,-91.30394620487832
7762.471166286747,-91.33439421406153
7943.28234724264,-91.36554886696997
8128.305161640813,-91.3974266200476
8317.637711026526,-91.43004430869431
8511.380382023575,-91.46341915587526
8709.635899560612,-91.49756878091286
8912.509381337255,-91.53251120846522
9120.108393558892,-91.56826487769293
9332.5430079697,-91.60484865161818
9549.925860214144,-91.64228182667912
9772.372209557885,-91.68058414248132
9999.999999999773,-91.71977579175103
10232.92992280731,-91.75987743049164
10471.28548050876,-91.80091018834645
10715.19305237582,-91.84289567917104
10964.7819614316,-91.88585601181721
11220.18454301938,-91.92981380113146
11481.53621496856,-91.97479217917009
11748.97554939503,-92.02081480663331
12022.64434617385,-92.06790588452081
12302.68770812353,-92.11609016601054
12589.25411794138,-92.16539296856226
12882.49551693104,-92.21584018624807
13182.56738556377,-92.26745830231096
13489.62882591622,-92.32027440195245
13803.84264602853,-92.37431618535066
14125.37544622722,-92.42961198090906
14454.39770745894,-92.48619075873629
14791.08388168173,-92.54408214435695
15135.61248436173,-92.60331643265343
15488.16618912445,-92.66392460203703
15848.93192461077,-92.72593832884786
16218.10097358892,-92.78939000198166
16595.86907437522,-92.85431273774067
16982.43652461705,-92.92074039490635
17378.00828749335,-92.98870759003003
17782.79410038881,-93.05824971293751
18197.00858609941,-93.12940294244252
18620.87136662824,-93.20220426226331
19054.60717963202,-93.27669147713605
19498.44599757999,-93.35290322911744
19952.62314968833,-93.43087901406759
20417.37944669481,-93.51065919830444
20892.9613085399,-93.59228503541819
21379.62089502182,-93.67579868323432
21877.61623949501,-93.76124322091158
22387.21138568287,-93.84866266616029
22908.67652767719,-93.93810199256485
23442.28815319866,-94.0296071469923
23988.32919019433,-94.12322506706714
24547.08915684972,-94.21900369869131
25118.8643150952,-94.31699201358501
25703.95782768802,-94.41724002682322
26302.67991895319,-94.5197988143394
26915.34803926851,-94.62472053036571
27542.287033381,-94.73205842477707
28183.82931264386,-94.84186686030225
28840.31503126536,-94.95420132956355
29512.09226666314,-95.06911847190246
30199.51720401943,-95.18667608994576
30902.95432513516,-95.30693316586292
31622.77660168303,-95.42994987726117
32359.36569296204,-95.55578761266177
33113.11214825831,-95.6845089864953
33884.41561391944,-95.81617785355017
34673.68504525233,-95.95085932280334
35481.33892335669,-96.08861977055689
36307.80547700926,-96.22952685279927
37153.52290971635,-96.37364951670361
38018.9396320552,-96.52105801116997
38904.51449942712,-96.67182389631182
39810.71705534876,-96.82602005178018
40738.02778041028,-96.98372068381228
41686.93834703253,-97.14500133088393
42657.95188015823,-97.30993886783705
43651.58322401554,-97.47861150834564
44668.35921509522,-97.65109880557569
45708.81896148639,-97.82748165088474
46773.51412871868,-98.00784227039883
47863.00923226267,-98.19226421929362
48977.88193684342,-98.38083237359891
50118.723362726,-98.57363291933274
51286.13839913523,-98.7707533387638
52480.74602497597,-98.97228239358805
53703.17963702395,-99.17831010479544
54954.08738576109,-99.3889277289918
56234.13251903351,-99.60422773092817
57543.99373371426,-99.82430375198091
58884.36553555743,-100.0492505743116
60255.95860743427,-100.2791640804269
61659.50018614668,-100.5141412078448
63095.73444801775,-100.7542798985657
64565.42290346394,-100.9996790430311
66069.34480075794,-101.2504384182477
67608.29753919647,-101.5066586197414
69183.0970918919,-101.7684409869968
70794.57843841201,-102.0358875220304
72443.59600749718,-102.3091008007387
74131.02413008988,-102.5881838766553
75857.75750291646,-102.8732401767466
77624.71166286721,-103.1643733888756
79432.82347242614,-103.4616873405581
81283.05161640787,-103.7652858686405
83176.37711026499,-104.075272679533
85113.80382023548,-104.3917511996351
87096.35899560584,-104.7148244156054
89125.09381337228,-105.0445947041392
91201.08393558864,-105.3811636509346
93325.43007969671,-105.7246318585541
95499.25860214114,-106.0750987429118
97723.72209557856,-106.4326623181508
99999.99999999742,-106.7974189697164
102329.2992280728,-107.1694632154698
104712.8548050872,-107.5488874547436
107151.9305237579,-107.9357817052962
109647.8196143157,-108.3302333281869
112201.8454301934,-108.73232674067
114815.3621496853,-109.1421431172843
117489.7554939499,-109.5597600794067
120226.4434617382,-109.9852513736364
123026.877081235,-110.4186865394815
125892.5411794134,-110.8601305669382
128824.95516931,-111.3096435446745
131825.6738556373,-111.7672802996645
134896.2882591618,-112.233090029257
138038.4264602849,-112.7071159268136
141253.7544622717,-113.1893948022005
144543.977074589,-113.6799566985827
147910.8388168169,-114.1788245071288
151356.1248436169,-114.6860135814049
154881.6618912441,-115.2015313534012
158489.3192461072,-115.7253769533061
162181.0097358887,-116.2575408353024
165958.6907437517,-116.7980044118256
169824.36524617,-117.3467396988713
173780.082874933,-117.9037089750827
177827.9410038876,-118.4688644574765
181970.0858609935,-119.0421479967763
186208.7136662818,-119.6234907954138
190546.0717963197,-120.2128131513252
194984.4599757993,-120.8100242307121
199526.2314968827,-121.4150218729477
204173.7944669475,-122.0276924307845
208929.6130853984,-122.6479106489658
213796.2089502175,-123.2755395842444
218776.1623949494,-123.9104305696756
223872.113856828,-124.5524232258743
229086.7652767712,-125.2013455217024
234422.881531986,-125.8570138865883
239883.2919019427,-126.5192333763718
245470.8915684965,-127.1877978942176
251188.6431509513,-127.8624904677504
257039.5782768795,-128.543083583141
263026.7991895311,-129.229339576409
269153.4803926843,-129.9210110817279
275422.8703338092,-130.6178415360034
281838.2931264378,-131.3195657384761
288403.1503126528,-132.025910463566
295120.9226666306,-132.7365951246412
301995.1720401935,-133.4513324858713
309029.5432513507,-134.1698294188109
316227.7660168294,-134.8917876998787
323593.6569296195,-135.6169048444387
331131.1214825821,-136.3448749727816
338844.1561391933,-137.0753897029361
346736.8504525222,-137.8081390649331
354813.3892335658,-138.5428124308907
363078.0547700915,-139.2790994551084
371535.2290971624,-140.016691018237
380189.3963205508,-140.7552801695483
389045.14499427,-141.4945630613536
398107.1705534864,-142.2342398697157
407380.2778041016,-142.9740156957656
416869.383470324,-143.7136014421694
426579.5188015809,-144.4527146595802
436515.832240154,-145.1910803582637
446683.5921509509,-145.9284317804837
457088.1896148625,-146.6645111296762
467735.1412871854,-147.399070252916
478630.0923226252,-148.1318712736861
489778.8193684327,-148.8626871724752
501187.2336272585,-149.5913023132657
512861.3839913508,-150.3175129145011
524807.4602497582,-151.0411274636484
537031.7963702379,-151.7619670749852
549540.8738576095,-152.4798657907267
562341.3251903336,-153.1946708260779
575439.9373371411,-153.9062427592243
588843.6553555728,-154.6144556676764
602559.5860743412,-155.3191972127366
616595.0018614652,-156.0203686741781
630957.3444801759,-156.7178849374966
645654.2290346377,-157.4116744363281
660693.4480075777,-158.1016790528101
676082.975391963,-158.7878539788112
691830.9709189173,-159.4701675410556
707945.7843841183,-160.1486009932309
724435.9600749699,-160.8231482781997
741310.2413008969,-161.4938157634221
758577.5750291626,-162.1606219526651
776247.11662867,-162.8235971770039
794328.2347242592,-163.4827832680313
812830.5161640764,-164.1382332160832
831763.7711026476,-164.7900108161539
851138.0382023526,-165.4381903040353
870963.5899560562,-166.0828559850556
891250.9381337205,-166.7241018576315
912010.8393558841,-167.3620312336754
933254.3007969648,-167.9967563577256
954992.586021409,-168.6283980264935
977237.2209557832,-169.2570852103452
999999.9999999718,-169.8829546780626
1023292.992280725,-170.506150626061
1047128.54805087,-171.1268243130764
1071519.305237576,-171.7451337011756
1096478.196143154,-172.361243103795
1122018.454301932,-172.9753228413664
1148153.62149685,-173.5875489049564
1174897.554939496,-174.1981026282155
1202264.434617379,-174.8071703678163
1230268.770812347,-175.4149431924506
1258925.411794131,-176.0216165803505
1288249.551693097,-176.6273901252096
1318256.738556369,-177.232467250292
1348962.882591615,-177.8370549304431
1380384.264602845,-178.4413634216439
1412537.544622714,-179.0456059976924
1445439.770745886,-179.6499986935397
1479108.388168165,-180.2547600547599
1513561.248436165,-180.8601108925961
1548816.618912437,-181.4662740439865
1584893.192461068,-182.0734741359482
1621810.097358883,-182.681937353674
1659586.907437513,-183.2918912116798
1698243.652461695,-183.9035643273311
1737800.828749325,-184.5171861960662
1778279.410038871,-185.1329869676375
1819700.858609931,-185.7511972226959
1862087.136662814,-186.372047749046
1905460.717963192,-186.9957693169236
1949844.599757989,-187.6225924526568
1995262.314968822,-188.2527472100998
2041737.94466947,-188.8864629392581
2089296.130853979,-189.5239680515544
2137962.08950217,-190.1654897812243
2187761.623949489,-190.811253942376
2238721.138568274,-191.4614846812982
2290867.652767706,-192.1164042236499
2344228.815319854,-192.7762326162326
2398832.919019421,-193.4411874631091
2454708.915684959,-194.1114836559006
2511886.431509507,-194.7873330981777
2570395.782768789,-195.4689444239384
2630267.991895305,-196.1565227102582
2691534.803926837,-196.8502691842891
2754228.703338086,-197.5503809248881
2818382.931264371,-198.2570505592536
2884031.503126521,-198.970465955067
2951209.226666299,-199.6908099087437
3019951.720401927,-200.4182598305206
3090295.432513499,-201.1529874272285
3162277.660168286,-201.8951583837214
3235936.569296187,-202.6449320440641
3311311.214825813,-203.4024610937078
3388441.561391925,-204.1678912440086
3467368.504525214,-204.941360920578
3548133.892335649,-205.7230009570733
3630780.547700905,-206.5129342961648
3715352.290971614,-207.3112756995251
3801893.963205498,-208.1181314688081
3890451.449942689,-208.9335991796772
3981071.705534853,-209.7577674310383
4073802.778041005,-210.5907156117166
4168693.834703229,-211.4325136868776
4265795.188015798,-212.2832220065461
4365158.322401528,-213.1428911386093
4466835.921509497,-214.0115617287026
4570881.896148613,-214.8892643893664
4677351.412871841,-215.7760196208317
4786300.923226239,-216.6718377657298
4897788.193684314,-217.5767189999416
5011872.336272571,-218.4906533616777
5128613.839913493,-219.413620820745
5248074.602497566,-220.3455913897756
5370317.963702364,-221.286525278984
5495408.738576078,-222.2363730957865
5623413.251903319,-223.1950760903401
5754399.373371393,-224.1625664477629
5888436.553555709,-225.1387676274664
6025595.860743392,-226.1235947496725
6165950.018614632,-227.1169550288175
6309573.444801738,-228.1187482531284
6456542.290346356,-229.1288673092586
6606934.480075756,-230.1471987504272
6760829.753919609,-231.173623406073
6918309.709189151,-232.2080170306056
7079457.843841161,-233.2502509883907
7244359.600749677,-234.3001929716937
7413102.413008946,-235.3577077479056
7585775.750291603,-236.4226579319877
7762471.166286676,-237.4949047797321
7943282.347242568,-238.5743089971214
8128305.161640739,-239.6607315608082
8317637.711026451,-240.7540345445078
8511380.382023498,-241.8540819459435
8709635.899560533,-242.9607405088668
8912509.381337175,-244.0738805346206
9120108.39355881,-245.1933766777388
9332543.007969616,-246.3191087201271
9549925.860214058,-247.4509623185141
9772372.209557798,-248.5888297200466
9999999.999999683,-249.7326104411482
10232929.92280722,-250.8822119050517
10471285.48050866,-252.0375500337686
10715193.05237572,-253.1985497906296
10964781.9614315,-254.3651456699594
11220184.54301928,-255.5372821308895
11481536.21496846,-256.7149139727812
11748975.54939492,-257.8980066502148
12022644.34617374,-259.0865365259879
12302687.70812342,-260.2804910610583
12589254.11794127,-261.4798689408454
12882495.51693092,-262.6846801377829
13182567.38556364,-263.8949459104626
13489628.8259161,-265.1106987401499
13803842.6460284,-266.3319822058482
14125375.44622708,-267.5588507994787
14454397.7074588,-268.7913696830807
14791083.88168159,-270.0296143902495
15135612.48436159,-271.2736704743153
15488166.18912431,-272.5236331060017
15848931.92461062,-273.7796066235181
16218100.97358877,-275.0417040382098
16595869.07437506,-276.3100464990389
16982436.52461689,-277.5847627192722
17378008.28749318,-278.8659883688393
17782794.10038864,-280.1538654358735
18197008.58609923,-281.4485415609767
18620871.36662806,-282.7501693477492
19054607.17963184,-284.0589056531061
19498445.99757981,-285.3749108608631
19952623.14968813,-286.698348142007
20417379.44669461,-288.0293827049965
20892961.3085397,-289.3681810393375
21379620.89502161,-290.7149101555694
21877616.23949479,-292.0697368246736
22387211.38568265,-293.4328268197801
22908676.52767696,-294.8043441628945
23442288.15319844,-296.1844503792059
23988329.1901941,-297.5733037613699
24547089.15684948,-298.9710586459676
25118864.31509496,-300.3778647041661
25703957.82768777,-301.7938662483925
26302679.91895293,-303.2192015566454
26915348.03926825,-304.6540022158525
27542287.03338074,-306.0983924854817
28183829.31264359,-307.5524886824055
28840315.03126509,-309.0163985878206
29512092.26666286,-310.490220876833
30199517.20401914,-311.9740445711359
30902954.32513486,-313.4679485150515
31622776.60168273,-314.9720008750494
32359365.69296173,-316.4862586627509
33113112.14825799,-318.0107672813184
33884415.61391911,-319.5455600950729
34673685.04525199,-321.0906580221521
35481338.92335634,-322.6460691500234
36307805.4770089,-324.2117883737089
37153522.90971599,-325.7877970566608
38018939.63205482,-327.3740627143364
38904514.49942673,-328.970538720677
39810717.05534836,-330.5771640378736
40738027.78040987,-332.1938629700134
41686938.34703211,-333.8205449414288
42657951.8801578,-335.4571043008189
43651583.22401509,-337.1034201524607
44668359.21509477,-338.7593562160783
45708818.96148593,-340.424760717172
46773514.1287182,-342.0994663098242
47863009.23226218,-343.783290034179
48977881.93684293,-345.4760333109314
50118723.3627255,-347.1774819752471
51286138.39913471,-348.8874063525612
52480746.02497544,-350.6055613786635
53703179.63702341,-352.331686766361
54954087.38576055,-354.0655072208224
56234132.51903296,-355.8067327054377
57543993.73371369,-357.5550587596788
58884365.53555685,-359.310166870031
60255958.60743368,-361.0717248945723
61659500.18614607,-362.8393875412273
63095734.44801713,-364.6127968991194
64565422.9034633,-366.3915830218021
66069344.8007573,-368.1753645604773
67608297.53919582,-369.9637494446277
69183097.09189123,-371.7563356068026
70794578.43841131,-373.55271174764
72443596.00749646,-375.3524581365668
74131024.13008915,-377.1551474430445
75857757.50291571,-378.9603455927016
77624711.66286644,-380.7676126422514
79432823.47242536,-382.5765036667366
81283051.61640707,-384.386569652381
83176377.11026417,-386.1973583881722
85113803.82023464,-388.0084153492534
87096358.99560499,-389.8192845652672
89125093.81337141,-391.6295094669737
91201083.93558775,-393.4386337047541
93325430.07969581,-395.2462019330039
95499258.60214022,-397.0517605549171
97723722.09557761,-398.8548584227433
99999999.99999645,-400.6550474892659
102329299.2280718,-402.4518834069791
104712854.8050862,-404.2449260722264
107151930.5237568,-406.0337401123871
109647819.6143146,-407.8178953150447
112201845.4301923,-409.596966998929
114815362.1496842,-411.3705363272702
117489755.4939488,-413.1381905650369
120226443.461737,-414.8995232823138
123026877.0812338,-416.6541345068239
125892541.1794122,-418.4016308292747
128824955.1693088,-420.1416254658137
131825673.855636,-421.8737382824035
134896288.2591605,-423.5975957863555
138038426.4602835,-425.3128310905952
141253754.4622703,-427.0190838564651
144543977.0745876,-428.7160002209978
147910838.8168154,-430.4032327146149
151356124.8436154,-432.0804401751266
154881661.8912425,-433.7472876637241
158489319.2461056,-435.4034463883823
162181009.7358871,-437.0485936397213
165958690.74375,-438.6824127439305
169824365.2461683,-440.3045930368378
173780082.8749312,-441.9148298626292
177827941.0038858,-443.5128246000904
181970085.8609917,-445.0982847185784
186208713.66628,-446.6709238652388
190546071.7963178,-448.2304619842759
194984459.9757974,-449.7766254683894
199526231.4968807,-451.3091473417924
204173794.4669455,-452.8277674735722
208929613.0853963,-454.3322328195232
213796208.9502154,-455.8222976900095
218776162.3949473,-457.2977240408909
223872113.8568258,-458.7582817840945
229086765.276769,-460.2037491140288
234422881.5319836,-461.6339128457303
239883291.9019403,-463.0485687604081
245470891.5684941,-464.4475219539
251188643.1509488,-465.8305871834938
257039578.276877,-467.1975892085757
263026799.1895286,-468.5483631206602
269153480.3926817,-469.8827546585095
275422870.3338066,-471.2006205042834
281838293.126435,-472.5018285569319
288403150.31265,-473.7862581793841
295120922.6666278,-475.0538004164575
301995172.0401906,-476.3043581808159
309029543.2513477,-477.5378464047418
316227766.0168263,-478.7541921559307
323593656.9296164,-479.9533347159711
331131121.4825789,-481.1352256206247
338844156.1391901,-482.2998286614682
346736850.4525189,-483.4471198488795
354813389.2335624,-484.5770873367671
363078054.770088,-485.6897313098109
371535229.0971588,-486.7850638343392
380189396.3205472,-487.8631086742766
389045144.9942662,-488.9239010738749
398107170.5534825,-489.9674875091821
407380277.8040977,-490.9939254104001
416869383.47032,-492.0032828574466
426579518.8015769,-492.9956382511584
436515832.2401498,-493.9710799626611
446683592.1509466,-494.9297059634807
457088189.6148581,-495.8716234389949
467735141.2871808,-496.7969483878053
478630092.3226206,-497.7058052095831
489778819.368428,-498.5983262838702
501187233.6272537,-499.4746515422406
512861383.9913458,-500.3349280361237
524807460.2497531,-501.1793095024777
537031796.3702327,-502.007955929372
549540873.857604,-502.8210331233999
562341325.190328,-503.618712280704
575439937.3371353,-504.4011695632436
588843655.3555669,-505.1685856817887
602559586.0743351,-505.921145486972
616595001.861459,-506.6590375695854
630957344.4801695,-507.3824538711609
645654229.0346313,-508.0915893057362
660693448.0075711,-508.7866413935717
676082975.3919562,-509.4678099074528
691830970.9189103,-510.1352965320991
707945784.384111,-510.7893045370744
724435960.0749625,-511.4300384635018
741310241.3008893,-512.0577038247734
758577575.0291548,-512.6725068213682
776247116.628662,-513.2746540697993
794328234.724251,-513.8643523456449
812830516.164068,-514.4418083405446
831763771.102639,-515.0072284329896
851138038.2023437,-515.5608184726775
870963589.9560471,-516.102783578163
891250938.1337111,-516.6333279474903
912010839.3558745,-517.1526546814679
933254300.796955,-517.6609656192104
954992586.021399,-518.1584611855561
977237220.9557729,-518.64534024995
1000000000,-519.1217999963653
