db((v("/net8" ?result "ac") - v("/net7" ?result "ac"))) X,db((v("/net8" ?result "ac") - v("/net7" ?result "ac"))) Y
0.001,112.5653198412243
0.001023292992280754,112.5653115010017
0.0010471285480509,112.5653027677337
0.001071519305237606,112.5652936214593
0.001096478196143185,112.5652840459494
0.001122018454301963,112.5652740183054
0.001148153621496882,112.5652635184128
0.001174897554939529,112.5652525234286
0.001202264434617413,112.5652410100358
0.001230268770812381,112.5652289546825
0.001258925411794167,112.5652163309396
0.001288249551693133,112.5652031123244
0.001318256738556406,112.5651892708054
0.001348962882591653,112.5651747764545
0.001380384264602884,112.5651595999754
0.001412537544622754,112.5651437077456
0.001445439770745927,112.5651270666412
0.001479108388168207,112.5651096419502
0.001513561248436207,112.5650913955718
0.00154881661891248,112.565072289391
0.001584893192461112,112.5650522826066
0.001621810097358929,112.56503133366
0.001659586907437559,112.5650093966922
0.001698243652461743,112.564986426629
0.001737800828749374,112.564962374191
0.001778279410038921,112.5649371878044
0.001819700858609981,112.5649108149322
0.001862087136662865,112.5648831996584
0.001905460717963245,112.5648542825702
0.001949844599758043,112.564824002648
0.001995262314968877,112.5647922968481
0.002041737944669526,112.5647590956497
0.002089296130854036,112.5647243312587
0.002137962089502229,112.5646879285372
0.002187761623949549,112.5646498100275
0.002238721138568336,112.5646098955014
0.002290867652767769,112.5645681006375
0.002344228815319918,112.5645243365547
0.002398832919019486,112.5644785099129
0.002454708915685026,112.5644305244425
0.002511886431509576,112.5643802775742
0.002570395782768859,112.5643276633891
0.002630267991895377,112.5642725712422
0.00269153480392691,112.5642148820743
0.002754228703338161,112.5641544759332
0.002818382931264448,112.564091223372
0.0028840315031266,112.5640249909324
0.00295120922666638,112.5639556379845
0.00301995172040201,112.563883017006
0.003090295432513584,112.5638069761483
0.003162277660168373,112.5637273528703
0.003235936569296276,112.5636439776257
0.003311311214825904,112.5635566755212
0.003388441561392018,112.5634652604771
0.003467368504525309,112.5633695397281
0.003548133892335747,112.5632693093871
0.003630780547701005,112.563164359196
0.003715352290971717,112.563054464311
0.003801893963205603,112.5629393931764
0.003890451449942797,112.5628189024317
0.003981071705534963,112.5626927366858
0.004073802778041117,112.5625606294185
0.004168693834703344,112.562422299254
0.004265795188015916,112.5622774551248
0.004365158322401649,112.5621257907665
0.00446683592150962,112.5619669832104
0.004570881896148739,112.5618006981486
0.004677351412871971,112.5616265823255
0.004786300923226371,112.5614442688385
0.00489778819368445,112.5612533714761
0.00501187233627271,112.5610534856342
0.005128613839913635,112.5608441900573
0.005248074602497712,112.5606250416399
0.005370317963702512,112.5603955762249
0.00549540873857623,112.5601553099332
0.005623413251903474,112.5599037341249
0.005754399373371553,112.5596403177871
0.005888436553555873,112.559364504411
0.00602559586074356,112.5590757105433
0.006165950018614803,112.558773327157
0.006309573444801914,112.5584567152192
0.006456542290346536,112.5581252066602
0.00660693448007594,112.5577781018334
0.006760829753919797,112.5574146674863
0.006918309709189343,112.5570341386866
0.007079457843841356,112.5566357111989
0.007244359600749877,112.5562185461408
0.007413102413009151,112.5557817630737
0.007585775750291813,112.5553244419179
0.007762471166286891,112.5548456204769
0.007943282347242788,112.5543442884302
0.008128305161640965,112.5538193924341
0.008317637711026681,112.5532698261985
0.008511380382023735,112.5526944339594
0.008709635899560775,112.5520920063851
0.008912509381337422,112.5514612763762
0.009120108393559064,112.5508009202068
0.009332543007969875,112.5501095487957
0.009549925860214322,112.5493857131993
0.009772372209558068,112.5486278924833
0.00999999999999996,112.5478344983835
0.0102329299228075,112.5470038686471
0.01047128548050895,112.5461342625264
0.01071519305237602,112.5452238604247
0.01096478196143181,112.5442707559377
0.01122018454301959,112.5432729580495
0.01148153621496878,112.5422283802719
0.01174897554939525,112.5411348425008
0.01202264434617408,112.5399900626698
0.01230268770812376,112.5387916548032
0.01258925411794162,112.5375371225828
0.01288249551693128,112.5362238532892
0.01318256738556401,112.5348491172533
0.01348962882591648,112.5334100585141
0.01380384264602879,112.531903690116
0.01412537544622748,112.5303268883183
0.01445439770745921,112.5286763868514
0.01479108388168201,112.5269487732081
0.01513561248436201,112.5251404746946
0.01548816618912474,112.5232477604832
0.01584893192461106,112.5212667294119
0.01621810097358923,112.5191933029288
0.01659586907437553,112.517023219741
0.01698243652461736,112.5147520250411
0.01737800828749367,112.5123750648403
0.01778279410038914,112.5098874754362
0.01819700858609975,112.5072841756906
0.01862087136662858,112.5045598575591
0.01905460717963238,112.5017089768541
0.01949844599758035,112.4987257433821
0.01995262314968869,112.4956041081852
0.02041737944669519,112.4923377586475
0.02089296130854029,112.4889201010581
0.02137962089502221,112.4853442555556
0.02187761623949541,112.4816030374076
0.02238721138568328,112.4776889534686
0.02290867652767761,112.4735941813147
0.0234422881531991,112.4693105629724
0.02398832919019478,112.4648295872717
0.02454708915685017,112.4601423800028
0.02511886431509567,112.45523968667
0.0257039578276885,112.4501118624746
0.02630267991895368,112.4447488521202
0.02691534803926901,112.4391401810571
0.02754228703338151,112.4332749332295
0.02818382931264438,112.4271417438977
0.0288403150312659,112.4207287762255
0.02951209226666369,112.4140237079435
0.03019951720401999,112.4070137177366
0.03090295432513573,112.399685463627
0.03162277660168361,112.39202507062
0.03235936569296264,112.3840181095956
0.03311311214825892,112.3756495852274
0.03388441561392006,112.3669039127834
0.03467368504525296,112.3577649065128
0.03548133892335734,112.3482157606208
0.03630780547700992,112.3382390301052
0.03715352290971704,112.3278166172554
0.0380189396320559,112.316929753473
0.03890451449942783,112.3055589825433
0.03981071705534948,112.2936841462439
0.04073802778041102,112.2812843688497
0.04168693834703328,112.2683380425514
0.042657951880159,112.2548228120238
0.04365158322401633,112.240715563378
0.04466835921509604,112.2259924116946
0.04570881896148722,112.2106286902523
0.04677351412871953,112.194598940793
0.04786300923226354,112.1778769060435
0.04897788193684432,112.1604355233244
0.05011872336272692,112.1422469173461
0.05128613839913617,112.1232824033684
0.05248074602497694,112.103512480731
0.05370317963702494,112.0829068384324
0.05495408738576212,112.0614343582965
0.05623413251903456,112.0390631219552
0.05754399373371533,112.0157604215655
0.05888436553555853,111.9914927729267
0.0602559586074354,111.9662259337388
0.06165950018614783,111.9399249211538
0.06309573444801893,111.9125540366766
0.06456542290346515,111.8840768974777
0.06606934480075918,111.8544564626997
0.06760829753919775,111.8236550764693
0.06918309709189321,111.7916345040597
0.07079457843841334,111.7583559803062
0.07244359600749854,111.7237802576808
0.07413102413009127,111.6878676652118
0.07585775750291789,111.6505781656222
0.07762471166286866,111.6118714219711
0.07943282347242762,111.5717068666678
0.08128305161640939,111.5300437779734
0.08317637711026656,111.4868413590346
0.08511380382023709,111.442058823705
0.08709635899560748,111.3956554829118
0.08912509381337395,111.3475908431736
0.09120108393559036,111.2978246979287
0.09332543007969847,111.2463172364512
0.09549925860214295,111.1930291418078
0.0977237220955804,111.1379217032709
0.09999999999999931,111.0809569243661
0.1023292992280747,111.0220976371111
0.1047128548050892,110.9613076133339
0.1071519305237599,110.8985516812924
0.1096478196143177,110.83379584051
0.1122018454301956,110.7670073727841
0.1148153621496875,110.6981549598531
0.1174897554939521,110.6272087899063
0.1202264434617404,110.5541406678277
0.1230268770812373,110.4789241182417
0.1258925411794158,110.4015344862414
0.1288249551693125,110.3219490325628
0.1318256738556398,110.2401470221643
0.1348962882591644,110.156109804924
0.1380384264602875,110.0698208936322
0.1412537544622744,109.9812660302546
0.1445439770745917,109.8904332422617
0.1479108388168197,109.7973128955942
0.1513561248436197,109.7018977333486
0.154881661891247,109.6041829059027
0.1584893192461102,109.5041659936137
0.1621810097358918,109.4018470137074
0.1659586907437549,109.2972284223191
0.1698243652461732,109.1903151047424
0.1737800828749363,109.0811143530277
0.177827941003891,108.9696358358041
0.181970085860997,108.8558915592498
0.1862087136662854,108.7398958144969
0.1905460717963233,108.6216651225198
0.1949844599758031,108.5012181627505
0.1995262314968865,108.37857570125
0.2041737944669514,108.2537605058575
0.2089296130854024,108.12679725939
0.2137962089502216,107.9977124623761
0.2187761623949536,107.8665343350649
0.2238721138568323,107.733292711323
0.2290867652767756,107.5980189324551
0.2344228815319904,107.460745734699
0.2398832919019472,107.3215071373097
0.2454708915685012,107.1803383284452
0.2511886431509561,107.037275550487
0.2570395782768844,106.8923559844791
0.2630267991895361,106.7456176384267
0.2691534803926895,106.5970992331206
0.2754228703338145,106.4468400922704
0.2818382931264432,106.2948800351367
0.2884031503126583,106.141259271143
0.2951209226666363,105.986018298956
0.3019951720401993,105.8291978086967
0.3090295432513566,105.6708385875646
0.3162277660168354,105.5109814323254
0.3235936569296257,105.3496670626873
0.3311311214825885,105.1869360429943
0.3388441561391999,105.0228287068795
0.3467368504525289,104.8573850861757
0.3548133892335726,104.6906448472638
0.3630780547700985,104.522647229714
0.3715352290971696,104.3534309916233
0.3801893963205581,104.183034359138
0.3890451449942774,104.0114949805456
0.398107170553494,103.8388498857559
0.4073802778041094,103.665135449312
0.416869383470332,103.4903873585157
0.4265795188015891,103.3146405849593
0.4365158322401623,103.1379293611529
0.4466835921509594,102.9602871595483
0.4570881896148712,102.7817466763326
0.4677351412871942,102.602339817995
0.4786300923226343,102.4220976910322
0.489778819368442,102.241050594865
0.5011872336272679,102.0592280174383
0.5128613839913604,101.8766586332468
0.524807460249768,101.6933703038578
0.537031796370248,101.5093900807709
0.5495408738576197,101.324744209485
0.5623413251903442,101.1394581365534
0.5754399373371519,100.9535565171559
0.5888436553555838,100.7670632248668
0.6025595860743524,100.5800013622391
0.6165950018614768,100.3923932729243
0.6309573444801877,100.2042605544094
0.6456542290346499,100.015624072234
0.6606934480075902,99.8265039741178
0.6760829753919758,99.63691970542875
0.6918309709189304,99.44689002508859
0.7079457843841317,99.25643302135207
0.7244359600749837,99.06556612877934
0.7413102413009109,98.87430614480893
0.758577575029177,98.68266924679062
0.7762471166286847,98.49067100900413
0.7943282347242743,98.29832641987372
0.8128305161640919,98.1056498991024
0.8317637711026634,97.91265531467138
0.8511380382023687,97.71935599981269
0.8709635899560726,97.52576476985243
0.8912509381337372,97.3318939387517
0.9120108393559012,97.13775533550131
0.9332543007969822,96.94336032034553
0.9549925860214269,96.74871980053618
0.9772372209558013,96.5538442458829
0.9999999999999905,96.35874370414692
1.023292992280744,96.16342781588597
1.047128548050889,95.96790582891867
1.071519305237596,95.77218661269738
1.096478196143174,95.57627867218267
1.122018454301952,95.38019016121255
1.148153621496871,95.18392889574253
1.174897554939518,94.98750236657293
1.202264434617401,94.79091775171295
1.230268770812369,94.59418192843654
1.258925411794154,94.39730148490199
1.288249551693121,94.20028273144683
1.318256738556393,94.0031317114648
1.34896288259164,93.8058542120356
1.38038426460287,93.60845577405652
1.41253754462274,93.41094170211991
1.445439770745912,93.21331707407703
1.479108388168192,93.01558675013224
1.513561248436192,92.81775538178755
1.548816618912465,92.61982742031536
1.584893192461097,92.42180712501593
1.621810097358913,92.22369857112983
1.659586907437543,92.02550565745679
1.698243652461726,91.82723211370261
1.737800828749357,91.62888150754496
1.778279410038903,91.43045725142585
1.819700858609964,91.23196260903377
1.862087136662847,91.03340070164802
1.905460717963226,90.83477451411376
1.949844599758024,90.63608690063381
1.995262314968858,90.43734059035796
2.041737944669507,90.23853819268567
2.089296130854017,90.03968220240094
2.137962089502209,89.84077500458423
2.187761623949529,89.64181887932624
2.238721138568315,89.44281600623894
2.290867652767748,89.24376846880996
2.344228815319896,89.04467825854789
2.398832919019464,88.84554727895052
2.454708915685003,88.64637734935393
2.511886431509552,88.44717020856373
2.570395782768835,88.24792751838183
2.630267991895352,88.04865086694033
2.691534803926885,87.84934177193588
2.754228703338135,87.65000168370803
2.818382931264422,87.45063198818016
2.884031503126573,87.25123400968654
2.951209226666352,87.05180901367763
3.019951720401981,86.85235820930538
3.090295432513555,86.65288275189774
3.162277660168343,86.45338374533787
3.235936569296245,86.25386224431668
3.311311214825872,86.05431925651803
3.388441561391986,85.85475574468218
3.467368504525275,85.65517262860206
3.548133892335712,85.45557078701692
3.63078054770097,85.25595105943431
3.715352290971681,85.05631424786077
3.801893963205566,84.8566611184749
3.890451449942759,84.65699240320785
3.981071705534924,84.45730880126689
4.073802778041077,84.25761098059262
4.168693834703303,84.05789957924063
4.265795188015875,83.85817520671779
4.365158322401607,83.65843844525072
4.466835921509577,83.45868985099872
4.570881896148695,83.25892995521528
4.677351412871925,83.05915926536018
4.786300923226324,82.85937826615766
4.897788193684401,82.65958742061082
5.011872336272661,82.45978717097279
5.128613839913585,82.25997793967105
5.248074602497661,82.06016013019301
5.37031796370246,81.8603341279337
5.495408738576177,81.6605003010007
5.62341325190342,81.46065900099163
5.754399373371497,81.26081056372874
5.888436553555815,81.06095530996514
6.025595860743501,80.86109354606077
6.165950018614743,80.66122556462416
6.309573444801852,80.46135164513005
6.456542290346472,80.26147205450533
6.606934480075875,80.06158704769359
6.76082975391973,79.86169686818995
6.918309709189275,79.66180174855462
7.079457843841287,79.46190191090187
7.244359600749807,79.26199756737077
7.413102413009079,79.06208892056979
7.585775750291739,78.86217616400664
7.762471166286816,78.66225948249257
7.943282347242711,78.46233905253696
8.128305161640887,78.26241504271748
8.317637711026601,78.06248761403482
8.511380382023653,77.86255692025526
8.709635899560691,77.6626231082333
8.912509381337337,77.46268631822353
9.120108393558976,77.26274668417511
9.332543007969786,77.0628043340166
9.549925860214232,76.86285938992532
9.772372209557977,76.6629119685855
9.999999999999867,76.4629621814355
10.2329299228074,76.26301013490314
10.47128548050885,76.06305593063138
10.71519305237592,75.86309966569205
10.9647819614317,75.66314143279202
11.22018454301948,75.46318132046962
11.48153621496867,75.26321941328104
11.74897554939514,75.06325579198028
12.02264434617397,74.86329053368922
12.30268770812365,74.66332371206117
12.5892541179415,74.46335539743698
12.88249551693117,74.26338565699361
13.18256738556389,74.06341455488631
13.48962882591635,73.86344215238503
13.80384264602866,73.66346850800329
14.12537544622735,73.46349367762295
14.45439770745908,73.26351771461198
14.79108388168187,73.06354066993751
15.13561248436188,72.86356259227409
15.4881661891246,72.66358352810686
15.84893192461092,72.4636035218293
16.21810097358908,72.26362261583819
16.59586907437538,72.06364085062287
16.98243652461721,71.86365826485117
17.37800828749351,71.66367489545132
17.78279410038898,71.46369077769027
18.19700858609959,71.26370594524832
18.62087136662842,71.0637204302906
19.05460717963221,70.86373426353511
19.49844599758018,70.663747474318
19.95262314968852,70.46376009065543
20.41737944669501,70.2637721393034
20.8929613085401,70.06378364581403
21.37962089502202,69.86379463458988
21.87761623949522,69.66380512893588
22.38721138568308,69.46381515110852
22.90867652767741,69.26382472236273
23.44228815319889,69.06383386299771
23.98832919019457,68.86384259239924
24.54708915684996,68.66385092908109
25.11886431509545,68.4638588907244
25.70395782768827,68.2638664942147
26.30267991895345,68.06387375567822
26.91534803926877,67.86388069051588
27.54228703338127,67.66388731343581
28.18382931264414,67.46389363848476
28.84031503126565,67.26389967907772
29.51209226666343,67.06390544802646
30.19951720401973,66.8639109575665
30.90295432513546,66.66391621938354
31.62277660168334,66.46392124463763
32.35936569296236,66.26392604398715
33.11311214825863,66.06393062761151
33.88441561391976,65.86393500523252
34.67368504525266,65.66393918613511
35.48133892335703,65.46394317918683
36.3078054770096,65.26394699285716
37.15352290971671,65.06395063523482
38.01893963205556,64.86395411404548
38.90451449942748,64.66395743666764
39.81071705534914,64.46396061014873
40.73802778041067,64.26396364121985
41.68693834703292,64.06396653630996
42.65795188015863,63.86396930155968
43.65158322401594,63.66397194283436
44.66835921509564,63.46397446573606
45.70881896148681,63.26397687561613
46.77351412871911,63.06397917758606
47.86300923226311,62.8639813765284
48.97788193684388,62.66398347710727
50.11872336272647,62.46398548377815
51.28613839913571,62.26398740079738
52.48074602497646,62.06398923223106
53.70317963702445,61.86399098196377
54.95408738576162,61.66399265370684
56.23413251903405,61.46399425100622
57.54399373371481,61.2639957772499
58.884365535558,61.06399723567514
60.25595860743485,60.86399862937547
61.65950018614727,60.66399996130692
63.09573444801836,60.46400123429473
64.56542290346455,60.26400245103903
66.06934480075857,60.06400361412062
67.60829753919712,59.86400472600653
69.18309709189256,59.66400578905512
70.79457843841267,59.46400680552139
72.44359600749786,59.26400777756111
74.13102413009058,59.06400870723633
75.85775750291718,58.86400959651887
77.62471166286795,58.66401044729498
79.4328234724269,58.46401126136929
81.28305161640864,58.26401204046851
83.17637711026579,58.06401278624524
85.1138038202363,57.86401350028122
87.09635899560668,57.66401418409123
89.12509381337313,57.46401483912553
91.20108393558951,57.26401546677359
93.3254300796976,57.06401606836672
95.49925860214205,56.86401664518098
97.72372209557949,56.66401719843979
99.99999999999838,56.46401772931674
102.3292992280738,56.26401823893794
104.7128548050883,56.06401872838419
107.1519305237589,55.86401919869381
109.6478196143167,55.66401965086436
112.2018454301945,55.46402008585486
114.8153621496864,55.26402050458807
117.489755493951,55.06402090795218
120.2264434617393,54.86402129680273
123.0268770812361,54.66402167196455
125.8925411794146,54.46402203423338
128.8249551693113,54.26402238437763
131.8256738556385,54.06402272314004
134.8962882591631,53.86402305123909
138.0384264602862,53.66402336937084
141.253754462273,53.46402367820996
144.5439770745903,53.26402397841166
147.9108388168182,53.06402427061263
151.3561248436182,52.86402455543267
154.8816618912455,52.66402483347591
158.4893192461086,52.46402510533214
162.1810097358902,52.26402537157803
165.9586907437532,52.06402563277827
169.8243652461715,51.86402588948695
173.7800828749346,51.66402614224849
177.8279410038892,51.46402639159911
181.9700858609952,51.26402663806773
186.2087136662836,51.06402688217706
190.5460717963215,50.86402712444499
194.9844599758012,50.66402736538528
199.5262314968845,50.46402760550916
204.1737944669494,50.26402784532583
208.9296130854003,50.06402808534399
213.7962089502195,49.86402832607272
218.7761623949515,49.66402856802276
223.8721138568301,49.46402881170726
229.0867652767733,49.26402905764301
234.4228815319881,49.06402930635182
239.8832919019449,48.86402955836117
245.4708915684987,48.66402981420557
251.1886431509536,48.46403007442771
257.0395782768819,48.26403033957961
263.0267991895336,48.06403061022365
269.1534803926868,47.86403088693386
275.4228703338118,47.66403117029731
281.8382931264404,47.46403146091494
288.4031503126554,47.26403175940318
295.1209226666333,47.06403206639518
301.9951720401962,46.86403238254214
309.0295432513535,46.66403270851462
316.2277660168323,46.4640330450041
323.5936569296225,46.26403339272428
331.1311214825851,46.06403375241266
338.8441561391964,45.8640341248323
346.7368504525253,45.66403451077306
354.813389233569,45.4640349110536
363.0780547700948,45.26403532652295
371.5352290971658,45.06403575806239
380.1893963205542,44.86403620658727
389.0451449942735,44.66403667304892
398.1071705534899,44.46403715843679
407.3802778041052,44.2640376637805
416.8693834703277,44.06403819015185
426.5795188015848,43.86403873866743
436.5158322401579,43.66403931049061
446.6835921509548,43.46403990683437
457.0881896148666,43.26404052896362
467.7351412871895,43.06404117819794
478.6300923226294,42.86404185591441
489.778819368437,42.66404256355057
501.1872336272629,42.46404330260744
512.8613839913553,42.26404407465255
524.8074602497628,42.06404488132358
537.0317963702427,41.86404572433149
549.5408738576142,41.66404660546449
562.3413251903385,41.46404752659148
575.439937337146,41.26404848966625
588.8436553555778,41.06404949673163
602.5595860743463,40.86405054992368
616.5950018614705,40.6640516514764
630.9573444801813,40.4640528037262
645.6542290346432,40.26405400911715
660.6934480075834,40.06405527020603
676.0829753919688,39.86405658966768
691.8309709189232,39.66405797030081
707.9457843841243,39.46405941503389
724.4359600749762,39.26406092693132
741.3102413009033,39.06406250919996
758.5775750291692,38.86406416519596
776.2471166286768,38.66406589843174
794.3282347242663,38.46406771258377
812.8305161640836,38.26406961149984
831.763771102655,38.06407159920781
851.1380382023601,37.86407367992373
870.9635899560639,37.66407585806091
891.2509381337284,37.46407813823938
912.0108393558921,37.26408052529541
933.254300796973,37.06408302429223
954.9925860214174,36.86408564053027
977.2372209557917,36.6640883795587
999.9999999999806,36.46409124718718
1023.292992280734,36.26409424949802
1047.128548050879,36.06409739285927
1071.519305237586,35.86410068393808
1096.478196143164,35.66410412971499
1122.018454301942,35.46410773749847
1148.15362149686,35.26411151494073
1174.897554939507,35.06411547005386
1202.264434617389,34.86411961122657
1230.268770812357,34.66412394724237
1258.925411794143,34.46412848729792
1288.249551693109,34.26413324102263
1318.256738556381,34.06413821849903
1348.962882591627,33.86414343028426
1380.384264602858,33.66414888743234
1412.537544622727,33.46415460151763
1445.439770745899,33.26416058465948
1479.108388168178,33.06416684954773
1513.561248436178,32.86417340946986
1548.816618912451,32.66418027833894
1584.893192461082,32.46418747072325
1621.810097358898,32.2641950018772
1659.586907437528,32.06420288777346
1698.24365246171,31.86421114513713
1737.800828749341,31.66421979148108
1778.279410038887,31.46422884514291
1819.700858609947,31.26423832532398
1862.08713666283,31.06424825213026
1905.460717963209,30.86425864661466
1949.844599758006,30.66426953082178
1995.262314968839,30.46428092783468
2041.737944669488,30.26429286182388
2089.296130853997,30.06430535809837
2137.962089502189,29.86431844315942
2187.761623949508,29.66433214475678
2238.721138568294,29.46434649194731
2290.867652767726,29.26436151515681
2344.228815319874,29.06437724624424
2398.832919019441,28.86439371856951
2454.70891568498,28.66441096706385
2511.886431509528,28.46442902830425
2570.395782768811,28.26444794059048
2630.267991895328,28.06446774402666
2691.53480392686,27.86448848060602
2754.228703338109,27.66451019429983
2818.382931264395,27.46453293115071
2884.031503126546,27.26455673937002
2951.209226666324,27.06458166944006
3019.951720401953,26.86460777422099
3090.295432513526,26.6646351090628
3162.277660168313,26.46466373192243
3235.936569296214,26.26469370348662
3311.311214825841,26.06472508730038
3388.441561391954,25.8647579499015
3467.368504525243,25.66479236096141
3548.133892335679,25.46482839343279
3630.780547700936,25.2648661237038
3715.352290971647,25.0649056317599
3801.893963205531,24.86494700135307
3890.451449942723,24.66499032017909
3981.071705534888,24.465035680063
4073.80277804104,24.26508317715341
4168.693834703265,24.06513291212595
4265.795188015835,23.86518499039605
4365.158322401566,23.66523952234204
4466.835921509535,23.46529662353845
4570.881896148652,23.26535641500033
4677.351412871882,23.06541902343912
4786.30092322628,22.86548458153043
4897.788193684356,22.6655532281944
5011.872336272614,22.46562510888918
5128.613839913537,22.26570037591822
5248.074602497612,22.06577918875192
5370.31796370241,21.86586171436433
5495.408738576126,21.66594812758568
5623.413251903368,21.46603861147133
5754.399373371444,21.26613335768809
5888.436553555762,21.06623256691848
6025.595860743447,20.86633644928401
6165.950018614688,20.66644522478824
6309.573444801796,20.46655912378046
6456.542290346415,20.26667838744111
6606.934480075816,20.06680326828988
6760.82975391967,19.86693403071741
6918.309709189213,19.66707095154192
7079.457843841224,19.46721432059181
7244.359600749742,19.2673644413152
7413.102413009013,19.06752163141817
7585.775750291671,18.86768622353249
7762.471166286747,18.66785856591451
7943.28234724264,18.4680390231765
8128.305161640813,18.26822797705205
8317.637711026526,18.06842582719695
8511.380382023575,17.86863299202727
8709.635899560612,17.66884990959629
8912.509381337255,17.46907703851207
9120.108393558892,17.26931485889748
9332.5430079697,17.06956387339473
9549.925860214144,16.86982460821624
9772.372209557885,16.67009761424399
9999.999999999773,16.47038346817978
10232.92992280731,16.27068277374831
10471.28548050876,16.0709961629557
10715.19305237582,15.87132429740593
10964.7819614316,15.67166786967767
11220.18454301938,15.47202760476433
11481.53621496856,15.27240426158006
11748.97554939503,15.0727986345346
12022.64434617385,14.87321155518015
12302.68770812353,14.67364389393333
12589.25411794138,14.47409656187552
12882.49551693104,14.27457051263518
13182.56738556377,14.0750667443554
13489.62882591622,13.87558630175083
13803.84264602853,13.67613027825741
14125.37544622722,13.47669981827924
14454.39770745894,13.27729611953656
14791.08388168173,13.07792043551925
15135.61248436173,12.87857407805032
15488.16618912445,12.67925841996395
15848.93192461077,12.47997489790312
16218.10097358892,12.28072501524144
16595.86907437522,12.08151034513477
16982.43652461705,11.88233253370766
17378.00828749335,11.68319330338021
17782.79410038881,11.48409445634118
18197.00858609941,11.28503787817298
18620.87136662824,11.08602554163484
19054.60717963202,10.88705951061035
19498.44599757999,10.68814194422561
19952.62314968833,10.48927510114495
20417.37944669481,10.29046134405073
20892.9613085399,10.09170314431426
21379.62089502182,9.893003086865111
21877.61623949501,9.694363875265877
22387.21138568287,9.495788337000112
22908.67652767719,9.297279428980831
23442.28815319866,9.098840243287469
23988.32919019433,8.900474013139107
24547.08915684972,8.702184119111898
25118.8643150952,8.503974095608868
25703.95782768802,8.30584763759015
26302.67991895319,8.107808607571837
26915.34803926851,7.909861042901696
27542.287033381,7.712009163319906
28183.82931264386,7.514257378812957
28840.31503126536,7.316610297768809
29512.09226666314,7.119072735441217
30199.51720401943,6.921649722730981
30902.95432513516,6.72434651529168
31622.77660168303,6.527168602967079
32359.36569296204,6.330121719567186
33113.11214825831,6.133211852989323
33884.41561391944,5.936445255690252
34673.68504525233,5.739828455514663
35481.33892335669,5.543368266884765
36307.80547700926,5.34707180235478
37153.52290971635,5.150946484533399
38018.9396320552,4.955000058376119
38904.51449942712,4.759240603848223
39810.71705534876,4.563676548957925
40738.02778041028,4.368316683157632
41686.93834703253,4.173170171109773
42657.95188015823,3.978246566811691
43651.58322401554,3.783555828072182
44668.35921509522,3.589108331330019
45708.81896148639,3.394914886802351
46773.51412871868,3.200986753948235
47863.00923226267,3.007335657229564
48977.88193684342,2.813973802148586
50118.723362726,2.620913891537647
51286.13839913523,2.428169142073158
52480.74602497597,2.235753300981588
53703.17963702395,2.043680662901159
54954.08738576109,1.851966086857988
56234.13251903351,1.660625013310673
57543.99373371426,1.469673481211745
58884.36553555743,1.279128145028948
60255.95860743427,1.089006291663114
61659.50018614668,0.8993258571931519
63095.73444801775,0.7101054433719101
64565.42290346394,0.5213643337897477
66069.34480075794,0.3331225096152035
67608.29753919647,0.1454006648146514
69183.0970918919,-0.04177977925504172
70794.57843841201,-0.2283966599950459
72443.59600749718,-0.414427060576515
74131.02413008988,-0.5998472979468092
75857.75750291646,-0.7846329119691763
77624.71166286721,-0.9687586558434157
79432.82347242614,-1.152198487963757
81283.05161640787,-1.334925565377846
83176.37711026499,-1.516912239019086
85113.80382023548,-1.698130050891671
87096.35899560584,-1.878549733394803
89125.09381337228,-2.058141210978547
91201.08393558864,-2.236873604329434
93325.43007969671,-2.414715237287924
95499.25860214114,-2.591633646703202
97723.72209557856,-2.767595595432357
99999.99999999742,-2.94256708869115
102329.2992280728,-3.116513393961855
104712.8548050872,-3.289399064659875
107151.9305237579,-3.461187967754937
109647.8196143157,-3.631843315534191
112201.8454301934,-3.801327701683356
114815.3621496853,-3.9696031418483
117489.7554939499,-4.136631118822307
120226.4434617382,-4.302372632484175
123026.877081235,-4.466788254588937
125892.5411794134,-4.62983818848604
128824.95516931,-4.791482333809633
131825.6738556373,-4.951680356151964
134896.2882591618,-5.110391761693767
138038.4264602849,-5.267575976725396
141253.7544622717,-5.423192431949055
144543.977074589,-5.577200651406492
147910.8388168169,-5.729560345828087
151356.1248436169,-5.880231510148794
154881.6618912441,-6.02917452488443
158489.3192461072,-6.176350261009244
162181.0097358887,-6.321720187922349
165958.6907437517,-6.465246484038445
169824.36524617,-6.606892149486823
173780.082874933,-6.746621120353843
177827.9410038876,-6.884398383857995
181970.0858609935,-7.020190093804675
186208.7136662818,-7.153963685630627
190546.0717963197,-7.285687990316715
194984.4599757993,-7.415333346422754
199526.2314968827,-7.542871709480715
204173.7944669475,-7.668276757973384
208929.6130853984,-7.791523995124733
213796.2089502175,-7.912590845736792
218776.1623949494,-8.031456747325688
223872.113856828,-8.148103234837009
229086.7652767712,-8.26251401825774
234422.881531986,-8.374675052488252
239883.2919019427,-8.48457459889358
245470.8915684965,-8.592203278016409
251188.6431509513,-8.697554113006037
257039.5782768795,-8.800622563395207
263026.7991895311,-8.901406548940416
269153.4803926843,-8.999906463329291
275422.8703338092,-9.096125177649405
281838.2931264378,-9.190068033605874
288403.1503126528,-9.28174282656768
295120.9226666306,-9.371159778614649
301995.1720401935,-9.458331501845985
309029.5432513507,-9.543272952296666
316227.7660168294,-9.626001374887954
323593.6569296195,-9.706536239912097
331131.1214825821,-9.784899171617834
338844.1561391933,-9.861113869521594
346736.8504525222,-9.935206023119068
354813.3892335658,-10.00720322071191
363078.0547700915,-10.07713485309568
371535.2290971624,-10.14503201287581
380189.3963205508,-10.21092739019079
389045.14499427,-10.27485516562371
398107.1705534864,-10.33685090107741
407380.2778041016,-10.39695142937356
416869.383470324,-10.45519474331404
426579.5188015809,-10.51161988491349
436515.832240154,-10.56626683547721
446683.5921509509,-10.61917640715782
457088.1896148625,-10.67039013657983
467735.1412871854,-10.71995018107307
478630.0923226252,-10.76789921800574
489778.8193684327,-10.81428034765552
501187.2336272585,-10.85913700000464
512861.3839913508,-10.90251284579184
524807.4602497582,-10.94445171210179
537031.7963702379,-10.98499750272182
549540.8738576095,-11.02419412344661
562341.3251903336,-11.06208541246438
575439.9373371411,-11.09871507591425
588843.6553555728,-11.13412662866265
602559.5860743412,-11.16836334030894
616595.0018614652,-11.20146818639498
630957.3444801759,-11.23348380476225
645654.2290346377,-11.2644524569719
660693.4480075777,-11.29441599467793
676082.975391963,-11.32341583082299
691830.9709189173,-11.35149291550702
707945.7843841183,-11.3786877163644
724435.9600749699,-11.40504020327246
741310.2413008969,-11.43058983720441
758577.5750291626,-11.45537556303249
776247.11662867,-11.47943580608202
794328.2347242592,-11.50280847223378
812830.5161640764,-11.52553095137108
831763.7711026476,-11.54764012396782
851138.0382023526,-11.56917237061575
870963.5899560562,-11.59016358429167
891250.9381337205,-11.61064918516915
912010.8393558841,-11.63066413778381
933254.3007969648,-11.65024297036622
954992.586021409,-11.66941979616204
977237.2209557832,-11.68822833656481
999999.9999999718,-11.70670194589274
1023292.992280725,-11.7248736376467
1047128.54805087,-11.74277611209286
1071519.305237576,-11.7604417850184
1096478.196143154,-11.77790281751514
1122018.454301932,-11.79519114665005
1148153.62149685,-11.81233851688685
1174897.554939496,-11.829376512127
1202264.434617379,-11.84633658824199
1230268.770812347,-11.86325010597201
1258925.411794131,-11.88014836406865
1288249.551693097,-11.89706263256136
1318256.738556369,-11.91402418602865
1348962.882591615,-11.93106433675577
1380384.264602845,-11.94821446766083
1412537.544622714,-11.96550606487092
1445439.770745886,-11.98297074982856
1479108.388168165,-12.00064031080739
1513561.248436165,-12.01854673371401
1548816.618912437,-12.03672223204987
1584893.192461068,-12.05519927590451
1621810.097358883,-12.07401061984783
1659586.907437513,-12.09318932958517
1698243.652461695,-12.11276880723508
1737800.828749325,-12.13278281508572
1778279.410038871,-12.15326549768065
1819700.858609931,-12.17425140208165
1862087.136662814,-12.19577549615072
1905460.717963192,-12.21787318469035
1949844.599757989,-12.24058032327679
1995262.314968822,-12.26393322961806
2041737.94466947,-12.28796869226552
2089296.130853979,-12.31272397650604
2137962.08950217,-12.33823682726042
2187761.623949489,-12.36454546881362
2238721.138568274,-12.39168860120358
2290867.652767706,-12.41970539309738
2344228.815319854,-12.44863547098766
2398832.919019421,-12.47851890454747
2454708.915684959,-12.50939618798907
2511886.431509507,-12.5413082172813
2570395.782768789,-12.57429626309165
2630267.991895305,-12.60840193933236
2691534.803926837,-12.64366716720584
2754228.703338086,-12.68013413466324
2818382.931264371,-12.71784525121012
2884031.503126521,-12.75684309801721
2951209.226666299,-12.79717037331955
3019951.720401927,-12.83886983311593
3090295.432513499,-12.88198422721173
3162277.660168286,-12.92655623068091
3235936.569296187,-12.97262837085935
3311311.214825813,-13.02024295001824
3388441.561391925,-13.06944196390704
3467368.504525214,-13.12026701639506
3548133.892335649,-13.17275923048376
3630780.547700905,-13.22695915600448
3715352.290971614,-13.28290667435907
3801893.963205498,-13.34064090070445
3890451.449942689,-13.40020008402333
3981071.705534853,-13.4616215055646
4073802.778041005,-13.52494137617545
4168693.834703229,-13.5901947330823
4265795.188015798,-13.65741533671068
4365158.322401528,-13.72663556816233
4466835.921509497,-13.79788632799027
4570881.896148613,-13.8711969369315
4677351.412871841,-13.94659503926714
4786300.923226239,-14.02410650948658
4897788.193684314,-14.10375536292776
5011872.336272571,-14.18556367105739
5128613.839913493,-14.26955148203617
5248074.602497566,-14.35573674718866
5370317.963702364,-14.44413525396326
5495408.738576078,-14.53476056592539
5623413.251903319,-14.62762397027874
5754399.373371393,-14.72273443335093
5888436.553555709,-14.82009856441764
6025595.860743392,-14.91972058816942
6165950.018614632,-15.02160232605132
6309573.444801738,-15.12574318662649
6456542.290346356,-15.23214016503419
6606934.480075756,-15.34078785152865
6760829.753919609,-15.45167844900269
6918309.709189151,-15.56480179931541
7079457.843841161,-15.68014541816381
7244359.600749677,-15.79769453815908
7413102.413008946,-15.9174321596949
7585775.750291603,-16.03933910912791
7762471.166286676,-16.16339410372631
7943282.347242568,-16.28957382279076
8128305.161640739,-16.41785298430191
8317637.711026451,-16.54820442641243
8511380.382023498,-16.68059919307099
8709635.899560533,-16.81500662304363
8912509.381337175,-16.95139444158869
9120108.39355881,-17.08972885403514
9332543.007969616,-17.2299746405229
9549925.860214058,-17.3720952511755
9772372.209557798,-17.51605290099812
9999999.999999683,-17.661808663822
10232929.92280722,-17.80932256465315
10471285.48050866,-17.95855366982239
10715193.05237572,-18.10946017438147
10964781.9614315,-18.26199948624069
11220184.54301928,-18.41612830659587
11481536.21496846,-18.57180270625213
11748975.54939492,-18.72897819750855
12022644.34617374,-18.8876098013303
12302687.70812342,-19.04765210959436
12589254.11794127,-19.20905934225902
12882495.51693092,-19.37178539936592
13182567.38556364,-19.53578390784581
13489628.8259161,-19.70100826315868
13803842.6460284,-19.86741166585496
14125375.44622708,-20.03494715320242
14454397.7074588,-20.20356762607583
14791083.88168159,-20.37322587135727
15135612.48436159,-20.54387458014391
15488166.18912431,-20.71546636210372
15848931.92461062,-20.88795375636337
16218100.97358877,-21.06128923934639
16595869.07437506,-21.23542523001732
16982436.52461689,-21.41031409301406
17378008.28749318,-21.58590814017402
17782794.10038864,-21.76215963098204
18197008.58609923,-21.93902077247717
18620871.36662806,-22.11644371916432
19054607.17963184,-22.29438057347776
19498445.99757981,-22.47278338733501
19952623.14968813,-22.65160416530714
20417379.44669461,-22.83079486990855
20892961.3085397,-23.0103074294805
21379620.89502161,-23.19009374910319
21877616.23949479,-23.37010572492564
22387211.38568265,-23.55029526224662
22908676.52767696,-23.73061429761807
23442288.15319844,-23.91101482517007
23988329.1901941,-24.09144892727918
24547089.15684948,-24.27186880961767
25118864.31509496,-24.45222684052966
25703957.82768777,-24.63247559458794
26302679.91895293,-24.81256790008673
26915348.03926825,-24.99245689012798
27542287.03338074,-25.17209605686242
28183829.31264359,-25.3514393083497
28840315.03126509,-25.53044102741488
29512092.26666286,-25.70905613179333
30199517.20401914,-25.88724013478518
30902954.32513486,-26.06494920557467
31622776.60168273,-26.24214022832543
32359365.69296173,-26.41877085912541
33113112.14825799,-26.59479957984104
33884415.61391911,-26.77018574794143
34673685.04525199,-26.94488964137351
35481338.92335634,-27.11887249761037
36307805.4770089,-27.2920965460567
37153522.90971599,-27.46452503307184
38018939.63205482,-27.6361222389734
38904514.49942673,-27.80685348649632
39810717.05534836,-27.97668514031597
40738027.78040987,-28.14558459738493
41686938.34703211,-28.31352026798867
42657951.8801578,-28.48046154758626
43651583.22401509,-28.64637877966604
44668359.21509477,-28.8112432100126
45708818.96148593,-28.97502693294427
46773514.1287182,-29.13770283023324
47863009.23226218,-29.2992445035704
48977881.93684293,-29.45962620156526
50118723.3627255,-29.61882274239143
51286138.39913471,-29.77680943328339
52480746.02497544,-29.93356198816929
53703179.63702341,-30.08905644477876
54954087.38576055,-30.24326908259719
56234132.51903296,-30.39617634304397
57543993.73371369,-30.54775475323826
58884365.53555685,-30.69798085467488
60255958.60743368,-30.84683113806927
61659500.18614607,-30.9942819855505
63095734.44801713,-31.14030962127444
64565422.9034633,-31.28489007141221
66069344.8007573,-31.42799913433217
67608297.53919582,-31.56961236164818
69183097.09189123,-31.70970505064813
70794578.43841131,-31.84825224845598
72443596.00749646,-31.98522876811051
74131024.13008915,-32.12060921657918
75857757.50291571,-32.25436803455497
77624711.66286644,-32.38647954772523
79432823.47242536,-32.5169180290431
81283051.61640707,-32.6456577713867
83176377.11026417,-32.77267316985267
85113803.82023464,-32.89793881280885
87096358.99560499,-33.02142958071875
89125093.81337141,-33.14312075165542
91201083.93558775,-33.26298811234342
93325430.07969581,-33.38100807350474
95499258.60214022,-33.4971577882375
97723722.09557761,-33.61141527213101
99999999.99999645,-33.72375952380528
102329299.2280718,-33.83417064457311
104712854.8050862,-33.94262995594317
107151930.5237568,-34.04912011372051
109647819.6143146,-34.15362521751575
112201845.4301923,-34.2561309145403
114815362.1496842,-34.35662449664462
117489755.4939488,-34.45509498964915
120226443.461737,-34.55153323411648
123026877.0812338,-34.6459319568251
125892541.1794122,-34.73828583231793
128824955.1693088,-34.82859153402235
131825673.855636,-34.9168477745583
134896288.2591605,-35.00305533497933
138038426.4602835,-35.08721708281228
141253754.4622703,-35.16933797888423
144543977.0745876,-35.24942507304223
147910838.8168154,-35.32748748898412
151356124.8436154,-35.40353639852286
154881661.8912425,-35.47758498570388
158489319.2461056,-35.54964840128314
162181009.7358871,-35.61974370815176
165958690.74375,-35.68788981835824
169824365.2461683,-35.75410742243778
173780082.8749312,-35.81841891180125
177827941.0038858,-35.88084829497046
181970085.8609917,-35.94142110846822
186208713.66628,-36.00016432318337
190546071.7963178,-36.05710624703231
194984459.9757974,-36.11227642472858
199526231.4968807,-36.16570553545687
204173794.4669455,-36.21742528922009
208929613.0853963,-36.26746832259771
213796208.9502154,-36.31586809461207
218776162.3949473,-36.36265878335897
223872113.8568258,-36.40787518400791
229086765.276769,-36.45155260872848
234422881.5319836,-36.49372678904424
239883291.9019403,-36.53443378106314
245470891.5684941,-36.57370987397649
251188643.1509488,-36.61159150216506
257039578.276877,-36.64811516119794
263026799.1895286,-36.68331732795475
269153480.3926817,-36.71723438505668
275422870.3338066,-36.74990254973984
281838293.126435,-36.78135780726321
288403150.31265,-36.8116358488999
295120922.6666278,-36.8407720145246
301995172.0401906,-36.8688012397736
309029543.2513477,-36.89575800772371
316227766.0168263,-36.92167630500907
323593656.9296164,-36.94658958226989
331131121.4825789,-36.97053071880713
338844156.1391901,-36.99353199129857
346736850.4525189,-37.01562504641919
354813389.2335624,-37.03684087719407
363078054.770088,-37.0572098029056
371535229.0971588,-37.0767614523695
380189396.3205472,-37.09552475038871
389045144.9942662,-37.11352790719366
398107170.5534825,-37.13079841067536
407380277.8040977,-37.14736302122036
416869383.47032,-37.1632477689576
426579518.8015769,-37.17847795323178
436515832.2401498,-37.19307814412311
446683592.1509466,-37.20707218583754
457088189.6148581,-37.22048320179855
467735141.2871808,-37.23333360127916
478630092.3226206,-37.2456450874187
489778819.368428,-37.2574386664772
501187233.6272537,-37.26873465818844
512861383.9913458,-37.27955270707969
524807460.2497531,-37.28991179463433
537031796.3702327,-37.29983025218208
549540873.857604,-37.30932577440841
562341325.190328,-37.31841543338239
575439937.3371353,-37.32711569301089
588843655.3555669,-37.33544242383197
602559586.0743351,-37.34341091806899
616595001.861459,-37.35103590487325
630957344.4801695,-37.35833156568858
645654229.0346313,-37.36531154967752
660693448.0075711,-37.3719889891555
676082975.3919562,-37.37837651498276
691830970.9189103,-37.38448627187078
707945784.384111,-37.39032993356315
724435960.0749625,-37.3959187178566
741310241.3008893,-37.40126340143065
758577575.0291548,-37.40637433445916
776247116.628662,-37.41126145498047
794328234.724251,-37.41593430300519
812830516.164068,-37.42040203434525
831763771.102639,-37.42467343414886
851138038.2023437,-37.42875693013028
870963589.9560471,-37.43266060548397
891250938.1337111,-37.43639221147588
912010839.3558745,-37.43995917970656
933254300.796955,-37.44336863404161
954992586.021399,-37.44662740220721
977237220.9557729,-37.44974202705001
1000000000,-37.45271877746171
